[07Aug2026 09:14:32.349] [main/INFO] [cpw.mods.modlauncher.Launcher/MODLAUNCHER]: ModLauncher running: args [--launchTarget, forgeclientuserdev, --version, MOD_DEV, --assetIndex, 5, --assetsDir, /home/kerilom/.mcreator/gradle/caches/neoformruntime/assets, --gameDir, ., --fml.forgeVersion, 47.4.22, --fml.mcVersion, 1.20.1, --fml.forgeGroup, net.minecraftforge, --fml.mcpVersion, 20230612.114412]
[07Aug2026 09:14:32.353] [main/INFO] [cpw.mods.modlauncher.Launcher/MODLAUNCHER]: ModLauncher 10.0.9+10.0.9+main.dcd20f30 starting: java version 17.0.20 by Eclipse Adoptium; OS Linux arch amd64 version 7.1.5-1-cachyos
[07Aug2026 09:14:32.380] [main/DEBUG] [cpw.mods.modlauncher.LaunchServiceHandler/MODLAUNCHER]: Found launch services [fmlclientdev,forgeclient,minecraft,forgegametestserverdev,fmlserveruserdev,fmlclient,fmldatauserdev,forgeserverdev,forgeserveruserdev,forgeclientdev,forgeclientuserdev,forgeserver,forgedatadev,fmlserver,fmlclientuserdev,fmlserverdev,forgedatauserdev,testharness,forgegametestserveruserdev]
[07Aug2026 09:14:32.395] [main/DEBUG] [cpw.mods.modlauncher.NameMappingServiceHandler/MODLAUNCHER]: Found naming services : [srgtomcp]
[07Aug2026 09:14:32.417] [main/DEBUG] [cpw.mods.modlauncher.LaunchPluginHandler/MODLAUNCHER]: Found launch plugins: [mixin,eventbus,slf4jfixer,object_holder_definalize,runtime_enum_extender,capability_token_subclass,accesstransformer,runtimedistcleaner]
[07Aug2026 09:14:32.430] [main/DEBUG] [cpw.mods.modlauncher.TransformationServicesHandler/MODLAUNCHER]: Discovering transformation services
[07Aug2026 09:14:32.436] [main/DEBUG] [net.minecraftforge.fml.loading.FMLPaths/CORE]: Path GAMEDIR is /mnt/AXDISK_EXT4/MCreatorWorkspaces/immersive_stamina/run
[07Aug2026 09:14:32.436] [main/DEBUG] [net.minecraftforge.fml.loading.FMLPaths/CORE]: Path MODSDIR is /mnt/AXDISK_EXT4/MCreatorWorkspaces/immersive_stamina/run/mods
[07Aug2026 09:14:32.436] [main/DEBUG] [net.minecraftforge.fml.loading.FMLPaths/CORE]: Path CONFIGDIR is /mnt/AXDISK_EXT4/MCreatorWorkspaces/immersive_stamina/run/config
[07Aug2026 09:14:32.436] [main/DEBUG] [net.minecraftforge.fml.loading.FMLPaths/CORE]: Path FMLCONFIG is /mnt/AXDISK_EXT4/MCreatorWorkspaces/immersive_stamina/run/config/fml.toml
[07Aug2026 09:14:32.472] [main/DEBUG] [cpw.mods.modlauncher.TransformationServicesHandler/MODLAUNCHER]: Found additional transformation services from discovery services: 
[07Aug2026 09:14:32.477] [main/INFO] [net.minecraftforge.fml.loading.ImmediateWindowHandler/]: Loading ImmediateWindowProvider fmlearlywindow
[07Aug2026 09:14:32.580] [main/INFO] [EARLYDISPLAY/]: Trying GL version 4.6
[07Aug2026 09:14:32.792] [main/INFO] [EARLYDISPLAY/]: Requested GL version 4.6 got version 4.6
[07Aug2026 09:14:32.825] [main/DEBUG] [cpw.mods.modlauncher.TransformationServicesHandler/MODLAUNCHER]: Found transformer services : [mixin,fml]
[07Aug2026 09:14:32.826] [main/DEBUG] [cpw.mods.modlauncher.TransformationServicesHandler/MODLAUNCHER]: Transformation services loading
[07Aug2026 09:14:32.830] [main/DEBUG] [cpw.mods.modlauncher.TransformationServiceDecorator/MODLAUNCHER]: Loading service mixin
[07Aug2026 09:14:32.830] [main/DEBUG] [cpw.mods.modlauncher.TransformationServiceDecorator/MODLAUNCHER]: Loaded service mixin
[07Aug2026 09:14:32.831] [main/DEBUG] [cpw.mods.modlauncher.TransformationServiceDecorator/MODLAUNCHER]: Loading service fml
[07Aug2026 09:14:32.832] [main/DEBUG] [net.minecraftforge.fml.loading.LauncherVersion/CORE]: Found FMLLauncher version 1.0
[07Aug2026 09:14:32.833] [main/DEBUG] [net.minecraftforge.fml.loading.FMLLoader/CORE]: FML 1.0 loading
[07Aug2026 09:14:32.833] [main/DEBUG] [net.minecraftforge.fml.loading.FMLLoader/CORE]: FML found ModLauncher version : 10.0.9+10.0.9+main.dcd20f30
[07Aug2026 09:14:32.834] [main/DEBUG] [net.minecraftforge.fml.loading.FMLLoader/CORE]: Requesting CoreMods to not apply the fix for ASMAPI.findFirstInstructionBefore by default
[07Aug2026 09:14:32.835] [main/DEBUG] [net.minecraftforge.fml.loading.FMLLoader/CORE]: FML found AccessTransformer version : 8.0.4+66+master.c09db6d7
[07Aug2026 09:14:32.835] [main/DEBUG] [net.minecraftforge.fml.loading.FMLLoader/CORE]: FML found EventBus version : 6.2.33
[07Aug2026 09:14:32.836] [main/DEBUG] [net.minecraftforge.fml.loading.FMLLoader/CORE]: Found Runtime Dist Cleaner
[07Aug2026 09:14:32.841] [main/DEBUG] [net.minecraftforge.coremod.CoreModEngine/]: CoreMods will preserve legacy behavior of ASMAPI.findFirstInstructionBefore for backwards-compatibility
[07Aug2026 09:14:32.842] [main/DEBUG] [net.minecraftforge.fml.loading.FMLLoader/CORE]: FML found CoreMod version : 5.2.4
[07Aug2026 09:14:32.845] [main/DEBUG] [net.minecraftforge.fml.loading.FMLLoader/CORE]: Found ForgeSPI package implementation version 7.0.1+7.0.1+master.d2b38bf6
[07Aug2026 09:14:32.845] [main/DEBUG] [net.minecraftforge.fml.loading.FMLLoader/CORE]: Found ForgeSPI package specification 5
[07Aug2026 09:14:32.846] [main/DEBUG] [cpw.mods.modlauncher.TransformationServiceDecorator/MODLAUNCHER]: Loaded service fml
[07Aug2026 09:14:32.851] [main/DEBUG] [cpw.mods.modlauncher.TransformationServicesHandler/MODLAUNCHER]: Configuring option handling for services
[07Aug2026 09:14:32.864] [main/DEBUG] [cpw.mods.modlauncher.TransformationServicesHandler/MODLAUNCHER]: Transformation services initializing
[07Aug2026 09:14:32.865] [main/DEBUG] [cpw.mods.modlauncher.TransformationServiceDecorator/MODLAUNCHER]: Initializing transformation service mixin
[07Aug2026 09:14:32.892] [main/DEBUG] [mixin/]: MixinService [ModLauncher] was successfully booted in cpw.mods.cl.ModuleClassLoader@fa36558
[07Aug2026 09:14:32.925] [main/INFO] [mixin/]: SpongePowered MIXIN Subsystem Version=0.8.5 Source=union:/home/kerilom/.mcreator/gradle/caches/modules-2/files-2.1/org.spongepowered/mixin/0.8.5/9d1c0c3a304ae6697ecd477218fa61b850bf57fc/mixin-0.8.5.jar%23175!/ Service=ModLauncher Env=CLIENT
[07Aug2026 09:14:32.933] [main/DEBUG] [mixin/]: Initialising Mixin Platform Manager
[07Aug2026 09:14:32.934] [main/DEBUG] [mixin/]: Adding mixin platform agents for container ModLauncher Root Container(ModLauncher:4f56a0a2)
[07Aug2026 09:14:32.935] [main/DEBUG] [mixin/]: Instancing new MixinPlatformAgentMinecraftForge for ModLauncher Root Container(ModLauncher:4f56a0a2)
[07Aug2026 09:14:32.937] [main/DEBUG] [mixin/]: MixinPlatformAgentMinecraftForge rejected container ModLauncher Root Container(ModLauncher:4f56a0a2)
[07Aug2026 09:14:32.938] [main/DEBUG] [mixin/]: Instancing new MixinPlatformAgentDefault for ModLauncher Root Container(ModLauncher:4f56a0a2)
[07Aug2026 09:14:32.938] [main/DEBUG] [mixin/]: MixinPlatformAgentDefault accepted container ModLauncher Root Container(ModLauncher:4f56a0a2)
[07Aug2026 09:14:32.944] [main/DEBUG] [cpw.mods.modlauncher.TransformationServiceDecorator/MODLAUNCHER]: Initialized transformation service mixin
[07Aug2026 09:14:32.946] [main/DEBUG] [cpw.mods.modlauncher.TransformationServiceDecorator/MODLAUNCHER]: Initializing transformation service fml
[07Aug2026 09:14:32.946] [main/DEBUG] [net.minecraftforge.fml.loading.FMLServiceProvider/CORE]: Setting up basic FML game directories
[07Aug2026 09:14:32.948] [main/DEBUG] [net.minecraftforge.fml.loading.FMLPaths/CORE]: Path GAMEDIR is /mnt/AXDISK_EXT4/MCreatorWorkspaces/immersive_stamina/run
[07Aug2026 09:14:32.949] [main/DEBUG] [net.minecraftforge.fml.loading.FMLPaths/CORE]: Path MODSDIR is /mnt/AXDISK_EXT4/MCreatorWorkspaces/immersive_stamina/run/mods
[07Aug2026 09:14:32.949] [main/DEBUG] [net.minecraftforge.fml.loading.FMLPaths/CORE]: Path CONFIGDIR is /mnt/AXDISK_EXT4/MCreatorWorkspaces/immersive_stamina/run/config
[07Aug2026 09:14:32.951] [main/DEBUG] [net.minecraftforge.fml.loading.FMLPaths/CORE]: Path FMLCONFIG is /mnt/AXDISK_EXT4/MCreatorWorkspaces/immersive_stamina/run/config/fml.toml
[07Aug2026 09:14:32.951] [main/DEBUG] [net.minecraftforge.fml.loading.FMLServiceProvider/CORE]: Loading configuration
[07Aug2026 09:14:32.955] [main/DEBUG] [net.minecraftforge.fml.loading.FMLServiceProvider/CORE]: Preparing ModFile
[07Aug2026 09:14:32.961] [main/DEBUG] [net.minecraftforge.fml.loading.FMLServiceProvider/CORE]: Preparing launch handler
[07Aug2026 09:14:32.962] [main/DEBUG] [net.minecraftforge.fml.loading.FMLLoader/CORE]: Using forgeclientuserdev as launch service
[07Aug2026 09:14:32.983] [pool-2-thread-1/INFO] [EARLYDISPLAY/]: GL info: NVIDIA GeForce RTX 5050/PCIe/SSE2 GL version 4.6.0 NVIDIA 610.43.03, NVIDIA Corporation
[07Aug2026 09:14:32.993] [main/DEBUG] [net.minecraftforge.fml.loading.FMLLoader/CORE]: Received command line version data  : VersionInfo[forgeVersion=47.4.22, mcVersion=1.20.1, mcpVersion=20230612.114412, forgeGroup=net.minecraftforge]
[07Aug2026 09:14:32.995] [main/DEBUG] [cpw.mods.modlauncher.TransformationServiceDecorator/MODLAUNCHER]: Initialized transformation service fml
[07Aug2026 09:14:32.996] [main/DEBUG] [cpw.mods.modlauncher.NameMappingServiceHandler/MODLAUNCHER]: Current naming domain is 'mcp'
[07Aug2026 09:14:32.997] [main/DEBUG] [cpw.mods.modlauncher.NameMappingServiceHandler/MODLAUNCHER]: Identified name mapping providers {srg=srgtomcp:1234}
[07Aug2026 09:14:32.997] [main/DEBUG] [cpw.mods.modlauncher.TransformationServicesHandler/MODLAUNCHER]: Transformation services begin scanning
[07Aug2026 09:14:32.998] [main/DEBUG] [cpw.mods.modlauncher.TransformationServiceDecorator/MODLAUNCHER]: Beginning scan trigger - transformation service mixin
[07Aug2026 09:14:33.001] [main/DEBUG] [cpw.mods.modlauncher.TransformationServiceDecorator/MODLAUNCHER]: End scan trigger - transformation service mixin
[07Aug2026 09:14:33.001] [main/DEBUG] [cpw.mods.modlauncher.TransformationServiceDecorator/MODLAUNCHER]: Beginning scan trigger - transformation service fml
[07Aug2026 09:14:33.001] [main/DEBUG] [net.minecraftforge.fml.loading.FMLServiceProvider/CORE]: Initiating mod scan
[07Aug2026 09:14:33.062] [main/DEBUG] [net.minecraftforge.fml.loading.moddiscovery.ModListHandler/CORE]: Found mod coordinates from lists: []
[07Aug2026 09:14:33.081] [main/DEBUG] [net.minecraftforge.fml.loading.moddiscovery.ModDiscoverer/CORE]: Found Mod Locators : (mods folder:null),(maven libs:null),(exploded directory:null),(minecraft:null),(userdev classpath:null)
[07Aug2026 09:14:33.083] [main/DEBUG] [net.minecraftforge.fml.loading.moddiscovery.ModDiscoverer/CORE]: Found Dependency Locators : (JarInJar:null)
[07Aug2026 09:14:33.101] [main/DEBUG] [net.minecraftforge.fml.loading.targets.CommonLaunchHandler/CORE]: Got mod coordinates mcreator%%/mnt/AXDISK_EXT4/MCreatorWorkspaces/immersive_stamina/build/classes/java/main:mcreator%%/mnt/AXDISK_EXT4/MCreatorWorkspaces/immersive_stamina/build/resources/main from env
[07Aug2026 09:14:33.104] [main/DEBUG] [net.minecraftforge.fml.loading.targets.CommonLaunchHandler/CORE]: Found supplied mod coordinates [{mcreator=[/mnt/AXDISK_EXT4/MCreatorWorkspaces/immersive_stamina/build/classes/java/main, /mnt/AXDISK_EXT4/MCreatorWorkspaces/immersive_stamina/build/resources/main]}]
[07Aug2026 09:14:33.320] [main/DEBUG] [net.minecraftforge.fml.loading.moddiscovery.ModFileInfo/LOADING]: Found valid mod file forge-1.20.1-47.4.22.jar with {minecraft} mods - versions {1.20.1}
[07Aug2026 09:14:33.322] [main/DEBUG] [net.minecraftforge.fml.loading.moddiscovery.ModFileParser/LOADING]: Considering mod file candidate /home/kerilom/.mcreator/gradle/caches/modules-2/files-2.1/net.minecraftforge/fmlcore/1.20.1-47.4.22/1367fc72fd188372dd79e824c611e248dcd000e/fmlcore-1.20.1-47.4.22.jar
[07Aug2026 09:14:33.323] [main/WARN] [net.minecraftforge.fml.loading.moddiscovery.ModFileParser/LOADING]: Mod file /home/kerilom/.mcreator/gradle/caches/modules-2/files-2.1/net.minecraftforge/fmlcore/1.20.1-47.4.22/1367fc72fd188372dd79e824c611e248dcd000e/fmlcore-1.20.1-47.4.22.jar is missing mods.toml file
[07Aug2026 09:14:33.324] [main/DEBUG] [net.minecraftforge.fml.loading.moddiscovery.ModFileParser/LOADING]: Considering mod file candidate /home/kerilom/.mcreator/gradle/caches/modules-2/files-2.1/net.minecraftforge/javafmllanguage/1.20.1-47.4.22/c3fe3323c9f8651aff7b34a665730c312b9e203f/javafmllanguage-1.20.1-47.4.22.jar
[07Aug2026 09:14:33.324] [main/WARN] [net.minecraftforge.fml.loading.moddiscovery.ModFileParser/LOADING]: Mod file /home/kerilom/.mcreator/gradle/caches/modules-2/files-2.1/net.minecraftforge/javafmllanguage/1.20.1-47.4.22/c3fe3323c9f8651aff7b34a665730c312b9e203f/javafmllanguage-1.20.1-47.4.22.jar is missing mods.toml file
[07Aug2026 09:14:33.326] [main/DEBUG] [net.minecraftforge.fml.loading.moddiscovery.ModFileParser/LOADING]: Considering mod file candidate /home/kerilom/.mcreator/gradle/caches/modules-2/files-2.1/net.minecraftforge/lowcodelanguage/1.20.1-47.4.22/c719255918fe74052292279a1242a26fbe92452a/lowcodelanguage-1.20.1-47.4.22.jar
[07Aug2026 09:14:33.326] [main/WARN] [net.minecraftforge.fml.loading.moddiscovery.ModFileParser/LOADING]: Mod file /home/kerilom/.mcreator/gradle/caches/modules-2/files-2.1/net.minecraftforge/lowcodelanguage/1.20.1-47.4.22/c719255918fe74052292279a1242a26fbe92452a/lowcodelanguage-1.20.1-47.4.22.jar is missing mods.toml file
[07Aug2026 09:14:33.327] [main/DEBUG] [net.minecraftforge.fml.loading.moddiscovery.ModFileParser/LOADING]: Considering mod file candidate /home/kerilom/.mcreator/gradle/caches/modules-2/files-2.1/net.minecraftforge/mclanguage/1.20.1-47.4.22/78b273bf6a3b42e430cd60ca1636656ae5993d6c/mclanguage-1.20.1-47.4.22.jar
[07Aug2026 09:14:33.327] [main/WARN] [net.minecraftforge.fml.loading.moddiscovery.ModFileParser/LOADING]: Mod file /home/kerilom/.mcreator/gradle/caches/modules-2/files-2.1/net.minecraftforge/mclanguage/1.20.1-47.4.22/78b273bf6a3b42e430cd60ca1636656ae5993d6c/mclanguage-1.20.1-47.4.22.jar is missing mods.toml file
[07Aug2026 09:14:33.330] [main/DEBUG] [net.minecraftforge.fml.loading.moddiscovery.ModFileParser/LOADING]: Considering mod file candidate /mnt/AXDISK_EXT4/MCreatorWorkspaces/immersive_stamina/build/classes/java/main
[07Aug2026 09:14:33.335] [main/DEBUG] [net.minecraftforge.fml.loading.moddiscovery.ModFileInfo/LOADING]: Found valid mod file main with {immersive_stamina} mods - versions {1.0.0}
[07Aug2026 09:14:33.336] [main/DEBUG] [net.minecraftforge.fml.loading.moddiscovery.ModFileParser/LOADING]: Considering mod file candidate /
[07Aug2026 09:14:33.339] [main/DEBUG] [net.minecraftforge.fml.loading.moddiscovery.ModFileInfo/LOADING]: Found valid mod file  with {forge} mods - versions {47.4.22}
[07Aug2026 09:14:33.362] [main/DEBUG] [net.minecraftforge.fml.loading.moddiscovery.AbstractJarFileDependencyLocator/]: Failed to load resource META-INF/jarjar/metadata.json from forge-1.20.1-47.4.22.jar, it does not contain dependency information.
[07Aug2026 09:14:33.362] [main/DEBUG] [net.minecraftforge.fml.loading.moddiscovery.AbstractJarFileDependencyLocator/]: Failed to load resource META-INF/jarjar/metadata.json from main, it does not contain dependency information.
[07Aug2026 09:14:33.362] [main/DEBUG] [net.minecraftforge.fml.loading.moddiscovery.AbstractJarFileDependencyLocator/]: Failed to load resource META-INF/jarjar/metadata.json from , it does not contain dependency information.
[07Aug2026 09:14:33.363] [main/DEBUG] [net.minecraftforge.fml.loading.moddiscovery.AbstractJarFileDependencyLocator/]: Failed to load resource META-INF/jarjar/metadata.json from mclanguage-1.20.1-47.4.22.jar, it does not contain dependency information.
[07Aug2026 09:14:33.363] [main/DEBUG] [net.minecraftforge.fml.loading.moddiscovery.AbstractJarFileDependencyLocator/]: Failed to load resource META-INF/jarjar/metadata.json from javafmllanguage-1.20.1-47.4.22.jar, it does not contain dependency information.
[07Aug2026 09:14:33.363] [main/DEBUG] [net.minecraftforge.fml.loading.moddiscovery.AbstractJarFileDependencyLocator/]: Failed to load resource META-INF/jarjar/metadata.json from fmlcore-1.20.1-47.4.22.jar, it does not contain dependency information.
[07Aug2026 09:14:33.363] [main/DEBUG] [net.minecraftforge.fml.loading.moddiscovery.AbstractJarFileDependencyLocator/]: Failed to load resource META-INF/jarjar/metadata.json from lowcodelanguage-1.20.1-47.4.22.jar, it does not contain dependency information.
[07Aug2026 09:14:33.434] [main/DEBUG] [net.minecraftforge.fml.loading.moddiscovery.AbstractJarFileDependencyLocator/]: Failed to load resource META-INF/jarjar/metadata.json from MixinExtras-0.5.0.jar, it does not contain dependency information.
[07Aug2026 09:14:33.486] [main/INFO] [net.minecraftforge.fml.loading.moddiscovery.JarInJarDependencyLocator/]: Found 1 dependencies adding them to mods collection
[07Aug2026 09:14:33.491] [main/DEBUG] [net.minecraftforge.fml.loading.moddiscovery.ModFileInfo/LOADING]: Found valid mod file forge-1.20.1-47.4.22.jar with {minecraft} mods - versions {1.20.1}
[07Aug2026 09:14:33.497] [main/DEBUG] [net.minecraftforge.fml.loading.moddiscovery.ModFile/LOADING]: Loading mod file /mnt/AXDISK_EXT4/MCreatorWorkspaces/immersive_stamina/build/moddev/artifacts/forge-1.20.1-47.4.22.jar with languages [LanguageSpec[languageName=minecraft, acceptedVersions=1]]
[07Aug2026 09:14:33.501] [main/DEBUG] [net.minecraftforge.fml.loading.moddiscovery.ModFileParser/LOADING]: Considering mod file candidate /mnt/AXDISK_EXT4/MCreatorWorkspaces/immersive_stamina/build/classes/java/main
[07Aug2026 09:14:33.504] [main/DEBUG] [net.minecraftforge.fml.loading.moddiscovery.ModFileInfo/LOADING]: Found valid mod file main with {immersive_stamina} mods - versions {1.0.0}
[07Aug2026 09:14:33.506] [main/DEBUG] [net.minecraftforge.fml.loading.moddiscovery.ModFile/LOADING]: Loading mod file /mnt/AXDISK_EXT4/MCreatorWorkspaces/immersive_stamina/build/classes/java/main with languages [LanguageSpec[languageName=javafml, acceptedVersions=[47,)]]
[07Aug2026 09:14:33.507] [main/DEBUG] [net.minecraftforge.fml.loading.moddiscovery.ModFileParser/LOADING]: Considering mod file candidate /
[07Aug2026 09:14:33.509] [main/DEBUG] [net.minecraftforge.fml.loading.moddiscovery.ModFileInfo/LOADING]: Found valid mod file  with {forge} mods - versions {47.4.22}
[07Aug2026 09:14:33.511] [main/DEBUG] [net.minecraftforge.fml.loading.moddiscovery.ModFile/LOADING]: Loading mod file / with languages [LanguageSpec[languageName=javafml, acceptedVersions=[24,]]]
[07Aug2026 09:14:33.516] [main/DEBUG] [net.minecraftforge.fml.loading.moddiscovery.ModFileParser/LOADING]: Found coremod field_to_method with Javascript path coremods/field_to_method.js
[07Aug2026 09:14:33.517] [main/DEBUG] [net.minecraftforge.fml.loading.moddiscovery.ModFileParser/LOADING]: Found coremod field_to_instanceof with Javascript path coremods/field_to_instanceof.js
[07Aug2026 09:14:33.517] [main/DEBUG] [net.minecraftforge.fml.loading.moddiscovery.ModFileParser/LOADING]: Found coremod add_bouncer_method with Javascript path coremods/add_bouncer_method.js
[07Aug2026 09:14:33.517] [main/DEBUG] [net.minecraftforge.fml.loading.moddiscovery.ModFileParser/LOADING]: Found coremod method_redirector with Javascript path coremods/method_redirector.js
[07Aug2026 09:14:33.517] [main/DEBUG] [net.minecraftforge.fml.loading.moddiscovery.ModFile/LOADING]: Found coremod coremods/field_to_method.js
[07Aug2026 09:14:33.517] [main/DEBUG] [net.minecraftforge.fml.loading.moddiscovery.ModFile/LOADING]: Found coremod coremods/field_to_instanceof.js
[07Aug2026 09:14:33.517] [main/DEBUG] [net.minecraftforge.fml.loading.moddiscovery.ModFile/LOADING]: Found coremod coremods/add_bouncer_method.js
[07Aug2026 09:14:33.518] [main/DEBUG] [net.minecraftforge.fml.loading.moddiscovery.ModFile/LOADING]: Found coremod coremods/method_redirector.js
[07Aug2026 09:14:33.518] [main/DEBUG] [net.minecraftforge.fml.loading.moddiscovery.ModFile/LOADING]: Loading mod file  with languages []
[07Aug2026 09:14:33.518] [main/DEBUG] [net.minecraftforge.fml.loading.moddiscovery.ModFile/LOADING]: Loading mod file /home/kerilom/.mcreator/gradle/caches/modules-2/files-2.1/io.github.llamalad7/mixinextras-forge/0.5.0/cebe4d98a42a4a32ebf0ddec7b93d5bdbdad009/mixinextras-forge-0.5.0.jar with languages []
[07Aug2026 09:14:33.518] [main/DEBUG] [net.minecraftforge.fml.loading.moddiscovery.ModFile/LOADING]: Loading mod file  with languages []
[07Aug2026 09:14:33.519] [main/DEBUG] [net.minecraftforge.fml.loading.moddiscovery.ModFile/LOADING]: Loading mod file /home/kerilom/.mcreator/gradle/caches/modules-2/files-2.1/io.github.llamalad7/mixinextras-forge/0.5.0/cebe4d98a42a4a32ebf0ddec7b93d5bdbdad009/mixinextras-forge-0.5.0.jar with languages []
[07Aug2026 09:14:33.520] [main/DEBUG] [cpw.mods.modlauncher.TransformationServiceDecorator/MODLAUNCHER]: End scan trigger - transformation service fml
[07Aug2026 09:14:33.535] [main/DEBUG] [net.minecraftforge.fml.loading.LanguageLoadingProvider/CORE]: Found 3 language providers
[07Aug2026 09:14:33.537] [main/DEBUG] [net.minecraftforge.fml.loading.LanguageLoadingProvider/CORE]: Found language provider minecraft, version 1.0
[07Aug2026 09:14:33.538] [main/DEBUG] [net.minecraftforge.fml.loading.LanguageLoadingProvider/CORE]: Found language provider lowcodefml, version 47
[07Aug2026 09:14:33.539] [main/DEBUG] [net.minecraftforge.fml.loading.LanguageLoadingProvider/CORE]: Found language provider javafml, version 47
[07Aug2026 09:14:33.544] [main/DEBUG] [net.minecraftforge.fml.loading.UniqueModListBuilder/]: Found 2 mods for first modid MixinExtras, selecting most recent based on version data
[07Aug2026 09:14:33.545] [main/DEBUG] [net.minecraftforge.fml.loading.UniqueModListBuilder/]: Selected file MixinExtras-0.5.0.jar for modid MixinExtras with version 0.5.0
[07Aug2026 09:14:33.545] [main/DEBUG] [net.minecraftforge.fml.loading.UniqueModListBuilder/]: Found 2 mods for first modid mixinextras, selecting most recent based on version data
[07Aug2026 09:14:33.545] [main/DEBUG] [net.minecraftforge.fml.loading.UniqueModListBuilder/]: Selected file mixinextras-forge-0.5.0.jar for modid mixinextras with version 0.5.0
[07Aug2026 09:14:33.547] [main/DEBUG] [net.minecraftforge.fml.loading.ModSorter/]: Configured system mods: [minecraft, forge]
[07Aug2026 09:14:33.548] [main/DEBUG] [net.minecraftforge.fml.loading.ModSorter/]: Found system mod: minecraft
[07Aug2026 09:14:33.548] [main/DEBUG] [net.minecraftforge.fml.loading.ModSorter/]: Found system mod: forge
[07Aug2026 09:14:33.550] [main/DEBUG] [net.minecraftforge.fml.loading.ModSorter/LOADING]: Found 1 mod requirements (1 mandatory, 0 optional)
[07Aug2026 09:14:33.552] [main/DEBUG] [net.minecraftforge.fml.loading.ModSorter/LOADING]: Found 0 mod requirements missing (0 mandatory, 0 optional)
[07Aug2026 09:14:34.053] [main/DEBUG] [net.minecraftforge.fml.loading.MCPNamingService/CORE]: Loaded 33222 method mappings from methods.csv
[07Aug2026 09:14:34.086] [main/DEBUG] [net.minecraftforge.fml.loading.MCPNamingService/CORE]: Loaded 31003 field mappings from fields.csv
[07Aug2026 09:14:34.150] [main/DEBUG] [cpw.mods.modlauncher.TransformationServicesHandler/MODLAUNCHER]: Transformation services loading transformers
[07Aug2026 09:14:34.151] [main/DEBUG] [cpw.mods.modlauncher.TransformationServiceDecorator/MODLAUNCHER]: Initializing transformers for transformation service mixin
[07Aug2026 09:14:34.152] [main/DEBUG] [cpw.mods.modlauncher.TransformationServiceDecorator/MODLAUNCHER]: Initialized transformers for transformation service mixin
[07Aug2026 09:14:34.152] [main/DEBUG] [cpw.mods.modlauncher.TransformationServiceDecorator/MODLAUNCHER]: Initializing transformers for transformation service fml
[07Aug2026 09:14:34.152] [main/DEBUG] [net.minecraftforge.fml.loading.FMLServiceProvider/CORE]: Loading coremod transformers
[07Aug2026 09:14:34.153] [main/DEBUG] [net.minecraftforge.coremod.CoreModEngine/COREMOD]: Loading CoreMod from coremods/field_to_method.js
[07Aug2026 09:14:34.360] [main/DEBUG] [net.minecraftforge.coremod.CoreModEngine/COREMOD]: CoreMod loaded successfully
[07Aug2026 09:14:34.361] [main/DEBUG] [net.minecraftforge.coremod.CoreModEngine/COREMOD]: Loading CoreMod from coremods/field_to_instanceof.js
[07Aug2026 09:14:34.440] [main/DEBUG] [net.minecraftforge.coremod.CoreModEngine/COREMOD]: CoreMod loaded successfully
[07Aug2026 09:14:34.440] [main/DEBUG] [net.minecraftforge.coremod.CoreModEngine/COREMOD]: Loading CoreMod from coremods/add_bouncer_method.js
[07Aug2026 09:14:34.487] [main/DEBUG] [net.minecraftforge.coremod.CoreModEngine/COREMOD]: CoreMod loaded successfully
[07Aug2026 09:14:34.487] [main/DEBUG] [net.minecraftforge.coremod.CoreModEngine/COREMOD]: Loading CoreMod from coremods/method_redirector.js
[07Aug2026 09:14:34.571] [main/DEBUG] [net.minecraftforge.coremod.CoreModEngine/COREMOD]: CoreMod loaded successfully
[07Aug2026 09:14:34.585] [main/DEBUG] [cpw.mods.modlauncher.TransformStore/MODLAUNCHER]: Adding transformer net.minecraftforge.coremod.transformer.CoreModClassTransformer@77f905e3 to Target : CLASS {Lnet/minecraft/world/level/biome/Biome;} {} {V}
[07Aug2026 09:14:34.587] [main/DEBUG] [cpw.mods.modlauncher.TransformStore/MODLAUNCHER]: Adding transformer net.minecraftforge.coremod.transformer.CoreModClassTransformer@25d0cb3a to Target : CLASS {Lnet/minecraft/world/level/levelgen/structure/Structure;} {} {V}
[07Aug2026 09:14:34.587] [main/DEBUG] [cpw.mods.modlauncher.TransformStore/MODLAUNCHER]: Adding transformer net.minecraftforge.coremod.transformer.CoreModClassTransformer@345cbf40 to Target : CLASS {Lnet/minecraft/world/effect/MobEffectInstance;} {} {V}
[07Aug2026 09:14:34.588] [main/DEBUG] [cpw.mods.modlauncher.TransformStore/MODLAUNCHER]: Adding transformer net.minecraftforge.coremod.transformer.CoreModClassTransformer@6e3eb0cd to Target : CLASS {Lnet/minecraft/world/level/block/LiquidBlock;} {} {V}
[07Aug2026 09:14:34.588] [main/DEBUG] [cpw.mods.modlauncher.TransformStore/MODLAUNCHER]: Adding transformer net.minecraftforge.coremod.transformer.CoreModClassTransformer@463561c5 to Target : CLASS {Lnet/minecraft/world/item/BucketItem;} {} {V}
[07Aug2026 09:14:34.588] [main/DEBUG] [cpw.mods.modlauncher.TransformStore/MODLAUNCHER]: Adding transformer net.minecraftforge.coremod.transformer.CoreModClassTransformer@659feb22 to Target : CLASS {Lnet/minecraft/world/level/block/StairBlock;} {} {V}
[07Aug2026 09:14:34.588] [main/DEBUG] [cpw.mods.modlauncher.TransformStore/MODLAUNCHER]: Adding transformer net.minecraftforge.coremod.transformer.CoreModClassTransformer@3468ee6e to Target : CLASS {Lnet/minecraft/world/level/block/FlowerPotBlock;} {} {V}
[07Aug2026 09:14:34.588] [main/DEBUG] [cpw.mods.modlauncher.TransformStore/MODLAUNCHER]: Adding transformer net.minecraftforge.coremod.transformer.CoreModClassTransformer@2f4b98f6 to Target : CLASS {Lnet/minecraft/world/item/ItemStack;} {} {V}
[07Aug2026 09:14:34.588] [main/DEBUG] [cpw.mods.modlauncher.TransformStore/MODLAUNCHER]: Adding transformer net.minecraftforge.coremod.transformer.CoreModClassTransformer@421def93 to Target : CLASS {Lnet/minecraft/network/play/client/CClientSettingsPacket;} {} {V}
[07Aug2026 09:14:34.589] [main/DEBUG] [cpw.mods.modlauncher.TransformStore/MODLAUNCHER]: Adding transformer net.minecraftforge.coremod.transformer.CoreModClassTransformer@58c1da09 to Target : CLASS {Lnet/minecraft/world/level/NaturalSpawner;} {} {V}
[07Aug2026 09:14:34.589] [main/DEBUG] [cpw.mods.modlauncher.TransformStore/MODLAUNCHER]: Adding transformer net.minecraftforge.coremod.transformer.CoreModClassTransformer@58c1da09 to Target : CLASS {Lnet/minecraft/server/commands/SummonCommand;} {} {V}
[07Aug2026 09:14:34.589] [main/DEBUG] [cpw.mods.modlauncher.TransformStore/MODLAUNCHER]: Adding transformer net.minecraftforge.coremod.transformer.CoreModClassTransformer@58c1da09 to Target : CLASS {Lnet/minecraft/world/entity/animal/frog/Tadpole;} {} {V}
[07Aug2026 09:14:34.589] [main/DEBUG] [cpw.mods.modlauncher.TransformStore/MODLAUNCHER]: Adding transformer net.minecraftforge.coremod.transformer.CoreModClassTransformer@58c1da09 to Target : CLASS {Lnet/minecraft/world/entity/raid/Raid;} {} {V}
[07Aug2026 09:14:34.589] [main/DEBUG] [cpw.mods.modlauncher.TransformStore/MODLAUNCHER]: Adding transformer net.minecraftforge.coremod.transformer.CoreModClassTransformer@58c1da09 to Target : CLASS {Lnet/minecraft/world/entity/monster/Strider;} {} {V}
[07Aug2026 09:14:34.589] [main/DEBUG] [cpw.mods.modlauncher.TransformStore/MODLAUNCHER]: Adding transformer net.minecraftforge.coremod.transformer.CoreModClassTransformer@58c1da09 to Target : CLASS {Lnet/minecraft/world/level/levelgen/PatrolSpawner;} {} {V}
[07Aug2026 09:14:34.590] [main/DEBUG] [cpw.mods.modlauncher.TransformStore/MODLAUNCHER]: Adding transformer net.minecraftforge.coremod.transformer.CoreModClassTransformer@58c1da09 to Target : CLASS {Lnet/minecraft/world/entity/npc/CatSpawner;} {} {V}
[07Aug2026 09:14:34.590] [main/DEBUG] [cpw.mods.modlauncher.TransformStore/MODLAUNCHER]: Adding transformer net.minecraftforge.coremod.transformer.CoreModClassTransformer@58c1da09 to Target : CLASS {Lnet/minecraft/world/entity/EntityType;} {} {V}
[07Aug2026 09:14:34.590] [main/DEBUG] [cpw.mods.modlauncher.TransformStore/MODLAUNCHER]: Adding transformer net.minecraftforge.coremod.transformer.CoreModClassTransformer@58c1da09 to Target : CLASS {Lnet/minecraft/world/level/levelgen/structure/structures/WoodlandMansionPieces$WoodlandMansionPiece;} {} {V}
[07Aug2026 09:14:34.590] [main/DEBUG] [cpw.mods.modlauncher.TransformStore/MODLAUNCHER]: Adding transformer net.minecraftforge.coremod.transformer.CoreModClassTransformer@58c1da09 to Target : CLASS {Lnet/minecraft/world/level/levelgen/PhantomSpawner;} {} {V}
[07Aug2026 09:14:34.590] [main/DEBUG] [cpw.mods.modlauncher.TransformStore/MODLAUNCHER]: Adding transformer net.minecraftforge.coremod.transformer.CoreModClassTransformer@58c1da09 to Target : CLASS {Lnet/minecraft/world/level/levelgen/structure/structures/OceanRuinPieces$OceanRuinPiece;} {} {V}
[07Aug2026 09:14:34.590] [main/DEBUG] [cpw.mods.modlauncher.TransformStore/MODLAUNCHER]: Adding transformer net.minecraftforge.coremod.transformer.CoreModClassTransformer@58c1da09 to Target : CLASS {Lnet/minecraft/world/entity/ai/village/VillageSiege;} {} {V}
[07Aug2026 09:14:34.590] [main/DEBUG] [cpw.mods.modlauncher.TransformStore/MODLAUNCHER]: Adding transformer net.minecraftforge.coremod.transformer.CoreModClassTransformer@58c1da09 to Target : CLASS {Lnet/minecraft/world/entity/animal/horse/SkeletonTrapGoal;} {} {V}
[07Aug2026 09:14:34.590] [main/DEBUG] [cpw.mods.modlauncher.TransformStore/MODLAUNCHER]: Adding transformer net.minecraftforge.coremod.transformer.CoreModClassTransformer@58c1da09 to Target : CLASS {Lnet/minecraft/world/entity/monster/ZombieVillager;} {} {V}
[07Aug2026 09:14:34.591] [main/DEBUG] [cpw.mods.modlauncher.TransformStore/MODLAUNCHER]: Adding transformer net.minecraftforge.coremod.transformer.CoreModClassTransformer@58c1da09 to Target : CLASS {Lnet/minecraft/world/level/levelgen/structure/templatesystem/StructureTemplate;} {} {V}
[07Aug2026 09:14:34.591] [main/DEBUG] [cpw.mods.modlauncher.TransformStore/MODLAUNCHER]: Adding transformer net.minecraftforge.coremod.transformer.CoreModClassTransformer@58c1da09 to Target : CLASS {Lnet/minecraft/server/commands/RaidCommand;} {} {V}
[07Aug2026 09:14:34.591] [main/DEBUG] [cpw.mods.modlauncher.TransformStore/MODLAUNCHER]: Adding transformer net.minecraftforge.coremod.transformer.CoreModClassTransformer@58c1da09 to Target : CLASS {Lnet/minecraft/world/level/levelgen/structure/structures/SwampHutPiece;} {} {V}
[07Aug2026 09:14:34.591] [main/DEBUG] [cpw.mods.modlauncher.TransformStore/MODLAUNCHER]: Adding transformer net.minecraftforge.coremod.transformer.CoreModClassTransformer@58c1da09 to Target : CLASS {Lnet/minecraft/world/entity/npc/Villager;} {} {V}
[07Aug2026 09:14:34.591] [main/DEBUG] [cpw.mods.modlauncher.TransformStore/MODLAUNCHER]: Adding transformer net.minecraftforge.coremod.transformer.CoreModClassTransformer@58c1da09 to Target : CLASS {Lnet/minecraft/world/level/levelgen/structure/structures/OceanMonumentPieces$OceanMonumentPiece;} {} {V}
[07Aug2026 09:14:34.591] [main/DEBUG] [cpw.mods.modlauncher.TransformStore/MODLAUNCHER]: Adding transformer net.minecraftforge.coremod.transformer.CoreModClassTransformer@58c1da09 to Target : CLASS {Lnet/minecraft/world/entity/monster/Evoker$EvokerSummonSpellGoal;} {} {V}
[07Aug2026 09:14:34.591] [main/DEBUG] [cpw.mods.modlauncher.TransformStore/MODLAUNCHER]: Adding transformer net.minecraftforge.coremod.transformer.CoreModClassTransformer@58c1da09 to Target : CLASS {Lnet/minecraft/world/entity/monster/Spider;} {} {V}
[07Aug2026 09:14:34.592] [main/DEBUG] [cpw.mods.modlauncher.TransformStore/MODLAUNCHER]: Adding transformer net.minecraftforge.coremod.transformer.CoreModClassTransformer@58c1da09 to Target : CLASS {Lnet/minecraft/world/entity/monster/Zombie;} {} {V}
[07Aug2026 09:14:34.592] [main/DEBUG] [cpw.mods.modlauncher.TransformationServiceDecorator/MODLAUNCHER]: Initialized transformers for transformation service fml
[07Aug2026 09:14:35.457] [main/DEBUG] [mixin/]: Processing prepare() for PlatformAgent[MixinPlatformAgentDefault:ModLauncher Root Container(ModLauncher:4f56a0a2)]
[07Aug2026 09:14:35.458] [main/DEBUG] [mixin/]: Processing launch tasks for PlatformAgent[MixinPlatformAgentDefault:ModLauncher Root Container(ModLauncher:4f56a0a2)]
[07Aug2026 09:14:35.458] [main/DEBUG] [mixin/]: Adding mixin platform agents for container SecureJarResource(minecraft)
[07Aug2026 09:14:35.458] [main/DEBUG] [mixin/]: Instancing new MixinPlatformAgentMinecraftForge for SecureJarResource(minecraft)
[07Aug2026 09:14:35.458] [main/DEBUG] [mixin/]: MixinPlatformAgentMinecraftForge rejected container SecureJarResource(minecraft)
[07Aug2026 09:14:35.458] [main/DEBUG] [mixin/]: Instancing new MixinPlatformAgentDefault for SecureJarResource(minecraft)
[07Aug2026 09:14:35.459] [main/DEBUG] [mixin/]: MixinPlatformAgentDefault accepted container SecureJarResource(minecraft)
[07Aug2026 09:14:35.459] [main/DEBUG] [mixin/]: Processing prepare() for PlatformAgent[MixinPlatformAgentDefault:SecureJarResource(minecraft)]
[07Aug2026 09:14:35.459] [main/DEBUG] [mixin/]: Adding mixin platform agents for container SecureJarResource(immersive_stamina)
[07Aug2026 09:14:35.459] [main/DEBUG] [mixin/]: Instancing new MixinPlatformAgentMinecraftForge for SecureJarResource(immersive_stamina)
[07Aug2026 09:14:35.459] [main/DEBUG] [mixin/]: MixinPlatformAgentMinecraftForge rejected container SecureJarResource(immersive_stamina)
[07Aug2026 09:14:35.459] [main/DEBUG] [mixin/]: Instancing new MixinPlatformAgentDefault for SecureJarResource(immersive_stamina)
[07Aug2026 09:14:35.460] [main/DEBUG] [mixin/]: MixinPlatformAgentDefault accepted container SecureJarResource(immersive_stamina)
[07Aug2026 09:14:35.460] [main/DEBUG] [mixin/]: Processing prepare() for PlatformAgent[MixinPlatformAgentDefault:SecureJarResource(immersive_stamina)]
[07Aug2026 09:14:35.460] [main/DEBUG] [mixin/]: Adding mixin platform agents for container SecureJarResource(forge)
[07Aug2026 09:14:35.460] [main/DEBUG] [mixin/]: Instancing new MixinPlatformAgentMinecraftForge for SecureJarResource(forge)
[07Aug2026 09:14:35.460] [main/DEBUG] [mixin/]: MixinPlatformAgentMinecraftForge rejected container SecureJarResource(forge)
[07Aug2026 09:14:35.460] [main/DEBUG] [mixin/]: Instancing new MixinPlatformAgentDefault for SecureJarResource(forge)
[07Aug2026 09:14:35.460] [main/DEBUG] [mixin/]: MixinPlatformAgentDefault accepted container SecureJarResource(forge)
[07Aug2026 09:14:35.461] [main/DEBUG] [mixin/]: Processing prepare() for PlatformAgent[MixinPlatformAgentDefault:SecureJarResource(forge)]
[07Aug2026 09:14:35.461] [main/DEBUG] [mixin/]: Adding mixin platform agents for container SecureJarResource(MixinExtras)
[07Aug2026 09:14:35.461] [main/DEBUG] [mixin/]: Instancing new MixinPlatformAgentMinecraftForge for SecureJarResource(MixinExtras)
[07Aug2026 09:14:35.461] [main/DEBUG] [mixin/]: MixinPlatformAgentMinecraftForge rejected container SecureJarResource(MixinExtras)
[07Aug2026 09:14:35.461] [main/DEBUG] [mixin/]: Instancing new MixinPlatformAgentDefault for SecureJarResource(MixinExtras)
[07Aug2026 09:14:35.461] [main/DEBUG] [mixin/]: MixinPlatformAgentDefault accepted container SecureJarResource(MixinExtras)
[07Aug2026 09:14:35.462] [main/DEBUG] [mixin/]: Processing prepare() for PlatformAgent[MixinPlatformAgentDefault:SecureJarResource(MixinExtras)]
[07Aug2026 09:14:35.462] [main/DEBUG] [mixin/]: Adding mixin platform agents for container SecureJarResource(mixinextras)
[07Aug2026 09:14:35.462] [main/DEBUG] [mixin/]: Instancing new MixinPlatformAgentMinecraftForge for SecureJarResource(mixinextras)
[07Aug2026 09:14:35.462] [main/DEBUG] [mixin/]: MixinPlatformAgentMinecraftForge rejected container SecureJarResource(mixinextras)
[07Aug2026 09:14:35.462] [main/DEBUG] [mixin/]: Instancing new MixinPlatformAgentDefault for SecureJarResource(mixinextras)
[07Aug2026 09:14:35.462] [main/DEBUG] [mixin/]: MixinPlatformAgentDefault accepted container SecureJarResource(mixinextras)
[07Aug2026 09:14:35.462] [main/DEBUG] [mixin/]: Processing prepare() for PlatformAgent[MixinPlatformAgentDefault:SecureJarResource(mixinextras)]
[07Aug2026 09:14:35.463] [main/DEBUG] [mixin/]: Registering mixin config: mixinextras.init.mixins.json
[07Aug2026 09:14:35.481] [main/DEBUG] [mixin/]: inject() running with 6 agents
[07Aug2026 09:14:35.481] [main/DEBUG] [mixin/]: Processing inject() for PlatformAgent[MixinPlatformAgentDefault:ModLauncher Root Container(ModLauncher:4f56a0a2)]
[07Aug2026 09:14:35.481] [main/DEBUG] [mixin/]: Processing inject() for PlatformAgent[MixinPlatformAgentDefault:SecureJarResource(minecraft)]
[07Aug2026 09:14:35.481] [main/DEBUG] [mixin/]: Processing inject() for PlatformAgent[MixinPlatformAgentDefault:SecureJarResource(immersive_stamina)]
[07Aug2026 09:14:35.481] [main/DEBUG] [mixin/]: Processing inject() for PlatformAgent[MixinPlatformAgentDefault:SecureJarResource(forge)]
[07Aug2026 09:14:35.482] [main/DEBUG] [mixin/]: Processing inject() for PlatformAgent[MixinPlatformAgentDefault:SecureJarResource(MixinExtras)]
[07Aug2026 09:14:35.482] [main/DEBUG] [mixin/]: Processing inject() for PlatformAgent[MixinPlatformAgentDefault:SecureJarResource(mixinextras)]
[07Aug2026 09:14:35.483] [main/INFO] [cpw.mods.modlauncher.LaunchServiceHandler/MODLAUNCHER]: Launching target 'forgeclientuserdev' with arguments [--version, MOD_DEV, --gameDir, ., --assetsDir, /home/kerilom/.mcreator/gradle/caches/neoformruntime/assets, --assetIndex, 5]
[07Aug2026 09:14:35.519] [main/DEBUG] [mixin/]: Error cleaning class output directory: .mixin.out
[07Aug2026 09:14:35.521] [main/DEBUG] [mixin/]: Preparing mixins for MixinEnvironment[DEFAULT]
[07Aug2026 09:14:35.521] [main/DEBUG] [mixin/]: Selecting config mixinextras.init.mixins.json
[07Aug2026 09:14:35.694] [main/DEBUG] [MixinExtras|Service/]: com.llamalad7.mixinextras.service.MixinExtrasServiceImpl(version=0.5.0) is taking over from null
[07Aug2026 09:14:35.789] [main/DEBUG] [mixin/]: Registering new injector for @Inject with org.spongepowered.asm.mixin.injection.struct.CallbackInjectionInfo
[07Aug2026 09:14:35.793] [main/DEBUG] [mixin/]: Registering new injector for @ModifyArg with org.spongepowered.asm.mixin.injection.struct.ModifyArgInjectionInfo
[07Aug2026 09:14:35.806] [main/DEBUG] [mixin/]: Registering new injector for @ModifyArgs with org.spongepowered.asm.mixin.injection.struct.ModifyArgsInjectionInfo
[07Aug2026 09:14:35.819] [main/DEBUG] [mixin/]: Registering new injector for @Redirect with org.spongepowered.asm.mixin.injection.struct.RedirectInjectionInfo
[07Aug2026 09:14:35.823] [main/DEBUG] [mixin/]: Registering new injector for @ModifyVariable with org.spongepowered.asm.mixin.injection.struct.ModifyVariableInjectionInfo
[07Aug2026 09:14:35.828] [main/DEBUG] [mixin/]: Registering new injector for @ModifyConstant with org.spongepowered.asm.mixin.injection.struct.ModifyConstantInjectionInfo
[07Aug2026 09:14:35.897] [main/DEBUG] [mixin/]: Preparing mixinextras.init.mixins.json (0)
[07Aug2026 09:14:35.901] [main/DEBUG] [mixin/]: Prepared 0 mixins in 0.377 sec (∞ms avg) (0ms load, 0ms transform, 0ms plugin)
[07Aug2026 09:14:36.404] [main/DEBUG] [io.netty.util.internal.logging.InternalLoggerFactory/]: Using SLF4J as the default logging framework
[07Aug2026 09:14:36.407] [main/DEBUG] [io.netty.util.ResourceLeakDetector/]: -Dio.netty.leakDetection.level: simple
[07Aug2026 09:14:36.407] [main/DEBUG] [io.netty.util.ResourceLeakDetector/]: -Dio.netty.leakDetection.targetRecords: 4
[07Aug2026 09:14:36.499] [main/DEBUG] [oshi.util.FileUtil/]: No oshi.properties file found from ClassLoader cpw.mods.modlauncher.TransformingClassLoader@3382cf68
[07Aug2026 09:14:36.533] [main/DEBUG] [oshi.util.FileUtil/]: Reading file /proc/self/auxv
[07Aug2026 09:14:36.534] [main/DEBUG] [oshi.util.FileUtil/]: Reading file /proc/self/auxv
[07Aug2026 09:14:36.538] [main/DEBUG] [oshi.util.FileUtil/]: Reading file /proc/stat
[07Aug2026 09:14:36.546] [main/DEBUG] [oshi.util.FileUtil/]: Reading file /sys/devices/system/cpu/cpu0/topology/core_id
[07Aug2026 09:14:36.547] [main/DEBUG] [oshi.util.FileUtil/]: Reading file /sys/devices/system/cpu/cpu0/topology/core_id
[07Aug2026 09:14:36.547] [main/DEBUG] [oshi.util.FileUtil/]: Reading file /sys/devices/system/cpu/cpu0/topology/physical_package_id
[07Aug2026 09:14:36.547] [main/DEBUG] [oshi.util.FileUtil/]: Reading file /sys/devices/system/cpu/cpu0/topology/physical_package_id
[07Aug2026 09:14:36.547] [main/DEBUG] [oshi.util.FileUtil/]: Reading file /sys/devices/system/cpu/cpu0/cpu_capacity
[07Aug2026 09:14:36.547] [main/DEBUG] [oshi.util.FileUtil/]: Reading file /sys/devices/system/cpu/cpu0/cpu_capacity
[07Aug2026 09:14:36.549] [main/DEBUG] [oshi.util.FileUtil/]: Reading file /sys/devices/system/cpu/cpu1/topology/core_id
[07Aug2026 09:14:36.549] [main/DEBUG] [oshi.util.FileUtil/]: Reading file /sys/devices/system/cpu/cpu1/topology/core_id
[07Aug2026 09:14:36.550] [main/DEBUG] [oshi.util.FileUtil/]: Reading file /sys/devices/system/cpu/cpu1/topology/physical_package_id
[07Aug2026 09:14:36.550] [main/DEBUG] [oshi.util.FileUtil/]: Reading file /sys/devices/system/cpu/cpu1/topology/physical_package_id
[07Aug2026 09:14:36.550] [main/DEBUG] [oshi.util.FileUtil/]: Reading file /sys/devices/system/cpu/cpu1/cpu_capacity
[07Aug2026 09:14:36.550] [main/DEBUG] [oshi.util.FileUtil/]: Reading file /sys/devices/system/cpu/cpu1/cpu_capacity
[07Aug2026 09:14:36.551] [main/DEBUG] [oshi.util.FileUtil/]: Reading file /sys/devices/system/cpu/cpu2/topology/core_id
[07Aug2026 09:14:36.551] [main/DEBUG] [oshi.util.FileUtil/]: Reading file /sys/devices/system/cpu/cpu2/topology/core_id
[07Aug2026 09:14:36.551] [main/DEBUG] [oshi.util.FileUtil/]: Reading file /sys/devices/system/cpu/cpu2/topology/physical_package_id
[07Aug2026 09:14:36.551] [main/DEBUG] [oshi.util.FileUtil/]: Reading file /sys/devices/system/cpu/cpu2/topology/physical_package_id
[07Aug2026 09:14:36.551] [main/DEBUG] [oshi.util.FileUtil/]: Reading file /sys/devices/system/cpu/cpu2/cpu_capacity
[07Aug2026 09:14:36.551] [main/DEBUG] [oshi.util.FileUtil/]: Reading file /sys/devices/system/cpu/cpu2/cpu_capacity
[07Aug2026 09:14:36.552] [main/DEBUG] [oshi.util.FileUtil/]: Reading file /sys/devices/system/cpu/cpu3/topology/core_id
[07Aug2026 09:14:36.552] [main/DEBUG] [oshi.util.FileUtil/]: Reading file /sys/devices/system/cpu/cpu3/topology/core_id
[07Aug2026 09:14:36.552] [main/DEBUG] [oshi.util.FileUtil/]: Reading file /sys/devices/system/cpu/cpu3/topology/physical_package_id
[07Aug2026 09:14:36.552] [main/DEBUG] [oshi.util.FileUtil/]: Reading file /sys/devices/system/cpu/cpu3/topology/physical_package_id
[07Aug2026 09:14:36.552] [main/DEBUG] [oshi.util.FileUtil/]: Reading file /sys/devices/system/cpu/cpu3/cpu_capacity
[07Aug2026 09:14:36.552] [main/DEBUG] [oshi.util.FileUtil/]: Reading file /sys/devices/system/cpu/cpu3/cpu_capacity
[07Aug2026 09:14:36.553] [main/DEBUG] [oshi.util.FileUtil/]: Reading file /sys/devices/system/cpu/cpu4/topology/core_id
[07Aug2026 09:14:36.553] [main/DEBUG] [oshi.util.FileUtil/]: Reading file /sys/devices/system/cpu/cpu4/topology/core_id
[07Aug2026 09:14:36.553] [main/DEBUG] [oshi.util.FileUtil/]: Reading file /sys/devices/system/cpu/cpu4/topology/physical_package_id
[07Aug2026 09:14:36.553] [main/DEBUG] [oshi.util.FileUtil/]: Reading file /sys/devices/system/cpu/cpu4/topology/physical_package_id
[07Aug2026 09:14:36.553] [main/DEBUG] [oshi.util.FileUtil/]: Reading file /sys/devices/system/cpu/cpu4/cpu_capacity
[07Aug2026 09:14:36.553] [main/DEBUG] [oshi.util.FileUtil/]: Reading file /sys/devices/system/cpu/cpu4/cpu_capacity
[07Aug2026 09:14:36.554] [main/DEBUG] [oshi.util.FileUtil/]: Reading file /sys/devices/system/cpu/cpu5/topology/core_id
[07Aug2026 09:14:36.554] [main/DEBUG] [oshi.util.FileUtil/]: Reading file /sys/devices/system/cpu/cpu5/topology/core_id
[07Aug2026 09:14:36.554] [main/DEBUG] [oshi.util.FileUtil/]: Reading file /sys/devices/system/cpu/cpu5/topology/physical_package_id
[07Aug2026 09:14:36.555] [main/DEBUG] [oshi.util.FileUtil/]: Reading file /sys/devices/system/cpu/cpu5/topology/physical_package_id
[07Aug2026 09:14:36.555] [main/DEBUG] [oshi.util.FileUtil/]: Reading file /sys/devices/system/cpu/cpu5/cpu_capacity
[07Aug2026 09:14:36.555] [main/DEBUG] [oshi.util.FileUtil/]: Reading file /sys/devices/system/cpu/cpu5/cpu_capacity
[07Aug2026 09:14:36.555] [main/DEBUG] [oshi.util.FileUtil/]: Reading file /sys/devices/system/cpu/cpu6/topology/core_id
[07Aug2026 09:14:36.555] [main/DEBUG] [oshi.util.FileUtil/]: Reading file /sys/devices/system/cpu/cpu6/topology/core_id
[07Aug2026 09:14:36.556] [main/DEBUG] [oshi.util.FileUtil/]: Reading file /sys/devices/system/cpu/cpu6/topology/physical_package_id
[07Aug2026 09:14:36.556] [main/DEBUG] [oshi.util.FileUtil/]: Reading file /sys/devices/system/cpu/cpu6/topology/physical_package_id
[07Aug2026 09:14:36.556] [main/DEBUG] [oshi.util.FileUtil/]: Reading file /sys/devices/system/cpu/cpu6/cpu_capacity
[07Aug2026 09:14:36.556] [main/DEBUG] [oshi.util.FileUtil/]: Reading file /sys/devices/system/cpu/cpu6/cpu_capacity
[07Aug2026 09:14:36.556] [main/DEBUG] [oshi.util.FileUtil/]: Reading file /sys/devices/system/cpu/cpu7/topology/core_id
[07Aug2026 09:14:36.556] [main/DEBUG] [oshi.util.FileUtil/]: Reading file /sys/devices/system/cpu/cpu7/topology/core_id
[07Aug2026 09:14:36.557] [main/DEBUG] [oshi.util.FileUtil/]: Reading file /sys/devices/system/cpu/cpu7/topology/physical_package_id
[07Aug2026 09:14:36.557] [main/DEBUG] [oshi.util.FileUtil/]: Reading file /sys/devices/system/cpu/cpu7/topology/physical_package_id
[07Aug2026 09:14:36.557] [main/DEBUG] [oshi.util.FileUtil/]: Reading file /sys/devices/system/cpu/cpu7/cpu_capacity
[07Aug2026 09:14:36.557] [main/DEBUG] [oshi.util.FileUtil/]: Reading file /sys/devices/system/cpu/cpu7/cpu_capacity
[07Aug2026 09:14:36.559] [main/DEBUG] [oshi.util.FileUtil/]: Reading file /proc/cpuinfo
[07Aug2026 09:14:36.565] [main/DEBUG] [oshi.util.FileUtil/]: Reading file /proc/self/auxv
[07Aug2026 09:14:36.567] [main/DEBUG] [oshi.util.FileUtil/]: No oshi.architecture.properties file found from ClassLoader cpw.mods.modlauncher.TransformingClassLoader@3382cf68
[07Aug2026 09:14:36.617] [main/DEBUG] [oshi.util.FileUtil/]: Reading file /proc/meminfo
[07Aug2026 09:14:36.618] [main/DEBUG] [oshi.util.FileUtil/]: Reading file /proc/meminfo
[07Aug2026 09:14:36.858] [pool-4-thread-1/DEBUG] [net.minecraftforge.coremod.transformer.CoreModBaseTransformer/COREMOD]: Transforming net/minecraft/world/entity/EntityType
[07Aug2026 09:14:37.601] [pool-4-thread-1/DEBUG] [net.minecraftforge.coremod.transformer.CoreModBaseTransformer/COREMOD]: Transforming net/minecraft/world/level/block/LiquidBlock
[07Aug2026 09:14:37.685] [pool-4-thread-1/DEBUG] [net.minecraftforge.coremod.transformer.CoreModBaseTransformer/COREMOD]: Transforming net/minecraft/world/level/block/StairBlock
[07Aug2026 09:14:37.799] [pool-4-thread-1/DEBUG] [net.minecraftforge.coremod.transformer.CoreModBaseTransformer/COREMOD]: Transforming net/minecraft/world/level/block/FlowerPotBlock
[07Aug2026 09:14:38.625] [pool-4-thread-1/DEBUG] [net.minecraftforge.coremod.transformer.CoreModBaseTransformer/COREMOD]: Transforming net/minecraft/world/item/ItemStack
[07Aug2026 09:14:39.431] [pool-4-thread-1/DEBUG] [net.minecraftforge.coremod.transformer.CoreModBaseTransformer/COREMOD]: Transforming net/minecraft/world/entity/animal/frog/Tadpole
[07Aug2026 09:14:39.480] [pool-4-thread-1/DEBUG] [net.minecraftforge.coremod.transformer.CoreModBaseTransformer/COREMOD]: Transforming net/minecraft/world/item/BucketItem
[07Aug2026 09:14:40.383] [pool-4-thread-1/DEBUG] [net.minecraftforge.coremod.transformer.CoreModBaseTransformer/COREMOD]: Transforming net/minecraft/world/entity/monster/Spider
[07Aug2026 09:14:40.474] [pool-4-thread-1/DEBUG] [net.minecraftforge.coremod.transformer.CoreModBaseTransformer/COREMOD]: Transforming net/minecraft/world/entity/monster/Zombie
[07Aug2026 09:14:40.483] [Datafixer Bootstrap/INFO] [com.mojang.datafixers.DataFixerBuilder/]: 188 Datafixer optimizations took 202 milliseconds
[07Aug2026 09:14:40.563] [pool-4-thread-1/DEBUG] [net.minecraftforge.coremod.transformer.CoreModBaseTransformer/COREMOD]: Transforming net/minecraft/world/entity/monster/ZombieVillager
[07Aug2026 09:14:40.650] [pool-4-thread-1/DEBUG] [net.minecraftforge.coremod.transformer.CoreModBaseTransformer/COREMOD]: Transforming net/minecraft/world/entity/monster/Evoker$EvokerSummonSpellGoal
[07Aug2026 09:14:40.835] [pool-4-thread-1/DEBUG] [net.minecraftforge.coremod.transformer.CoreModBaseTransformer/COREMOD]: Transforming net/minecraft/world/entity/animal/horse/SkeletonTrapGoal
[07Aug2026 09:14:40.860] [pool-4-thread-1/DEBUG] [net.minecraftforge.coremod.transformer.CoreModBaseTransformer/COREMOD]: Transforming net/minecraft/world/entity/monster/Strider
[07Aug2026 09:14:40.991] [pool-4-thread-1/DEBUG] [net.minecraftforge.coremod.transformer.CoreModBaseTransformer/COREMOD]: Transforming net/minecraft/world/entity/npc/Villager
[07Aug2026 09:14:41.086] [pool-4-thread-1/DEBUG] [net.minecraftforge.coremod.transformer.CoreModBaseTransformer/COREMOD]: Transforming net/minecraft/world/effect/MobEffectInstance
[07Aug2026 09:14:41.643] [pool-4-thread-1/DEBUG] [net.minecraftforge.coremod.transformer.CoreModBaseTransformer/COREMOD]: Transforming net/minecraft/world/level/levelgen/structure/Structure
[07Aug2026 09:14:41.698] [pool-4-thread-1/DEBUG] [net.minecraftforge.coremod.transformer.CoreModBaseTransformer/COREMOD]: Transforming net/minecraft/world/level/levelgen/structure/structures/OceanRuinPieces$OceanRuinPiece
[07Aug2026 09:14:41.720] [pool-4-thread-1/DEBUG] [net.minecraftforge.coremod.transformer.CoreModBaseTransformer/COREMOD]: Transforming net/minecraft/world/level/levelgen/structure/structures/SwampHutPiece
[07Aug2026 09:14:41.738] [pool-4-thread-1/DEBUG] [net.minecraftforge.coremod.transformer.CoreModBaseTransformer/COREMOD]: Transforming net/minecraft/world/level/levelgen/structure/structures/OceanMonumentPieces$OceanMonumentPiece
[07Aug2026 09:14:41.762] [pool-4-thread-1/DEBUG] [net.minecraftforge.coremod.transformer.CoreModBaseTransformer/COREMOD]: Transforming net/minecraft/world/level/levelgen/structure/structures/WoodlandMansionPieces$WoodlandMansionPiece
[07Aug2026 09:14:41.925] [pool-4-thread-1/DEBUG] [net.minecraftforge.coremod.transformer.CoreModBaseTransformer/COREMOD]: Transforming net/minecraft/world/level/biome/Biome
[07Aug2026 09:14:42.145] [pool-4-thread-1/DEBUG] [net.minecraftforge.registries.GameData/REGISTRIES]: Creating vanilla freeze snapshot
[07Aug2026 09:14:42.147] [pool-4-thread-1/DEBUG] [net.minecraftforge.registries.ForgeRegistry/REGISTRIES]: Registry minecraft:block Sync: VANILLA -> ACTIVE
[07Aug2026 09:14:42.163] [pool-4-thread-1/DEBUG] [net.minecraftforge.registries.ForgeRegistry/REGISTRIES]: Registry minecraft:fluid Sync: VANILLA -> ACTIVE
[07Aug2026 09:14:42.163] [pool-4-thread-1/DEBUG] [net.minecraftforge.registries.ForgeRegistry/REGISTRIES]: Registry minecraft:item Sync: VANILLA -> ACTIVE
[07Aug2026 09:14:42.174] [pool-4-thread-1/DEBUG] [net.minecraftforge.registries.ForgeRegistry/REGISTRIES]: Registry minecraft:mob_effect Sync: VANILLA -> ACTIVE
[07Aug2026 09:14:42.175] [pool-4-thread-1/DEBUG] [net.minecraftforge.registries.ForgeRegistry/REGISTRIES]: Registry minecraft:sound_event Sync: VANILLA -> ACTIVE
[07Aug2026 09:14:42.187] [pool-4-thread-1/DEBUG] [net.minecraftforge.registries.ForgeRegistry/REGISTRIES]: Registry minecraft:potion Sync: VANILLA -> ACTIVE
[07Aug2026 09:14:42.187] [pool-4-thread-1/DEBUG] [net.minecraftforge.registries.ForgeRegistry/REGISTRIES]: Registry minecraft:enchantment Sync: VANILLA -> ACTIVE
[07Aug2026 09:14:42.188] [pool-4-thread-1/DEBUG] [net.minecraftforge.registries.ForgeRegistry/REGISTRIES]: Registry minecraft:entity_type Sync: VANILLA -> ACTIVE
[07Aug2026 09:14:42.189] [pool-4-thread-1/DEBUG] [net.minecraftforge.registries.ForgeRegistry/REGISTRIES]: Registry minecraft:block_entity_type Sync: VANILLA -> ACTIVE
[07Aug2026 09:14:42.189] [pool-4-thread-1/DEBUG] [net.minecraftforge.registries.ForgeRegistry/REGISTRIES]: Registry minecraft:particle_type Sync: VANILLA -> ACTIVE
[07Aug2026 09:14:42.190] [pool-4-thread-1/DEBUG] [net.minecraftforge.registries.ForgeRegistry/REGISTRIES]: Registry minecraft:menu Sync: VANILLA -> ACTIVE
[07Aug2026 09:14:42.191] [pool-4-thread-1/DEBUG] [net.minecraftforge.registries.ForgeRegistry/REGISTRIES]: Registry minecraft:painting_variant Sync: VANILLA -> ACTIVE
[07Aug2026 09:14:42.191] [pool-4-thread-1/DEBUG] [net.minecraftforge.registries.ForgeRegistry/REGISTRIES]: Registry minecraft:recipe_type Sync: VANILLA -> ACTIVE
[07Aug2026 09:14:42.191] [pool-4-thread-1/DEBUG] [net.minecraftforge.registries.ForgeRegistry/REGISTRIES]: Registry minecraft:recipe_serializer Sync: VANILLA -> ACTIVE
[07Aug2026 09:14:42.192] [pool-4-thread-1/DEBUG] [net.minecraftforge.registries.ForgeRegistry/REGISTRIES]: Registry minecraft:attribute Sync: VANILLA -> ACTIVE
[07Aug2026 09:14:42.192] [pool-4-thread-1/DEBUG] [net.minecraftforge.registries.ForgeRegistry/REGISTRIES]: Registry minecraft:stat_type Sync: VANILLA -> ACTIVE
[07Aug2026 09:14:42.192] [pool-4-thread-1/DEBUG] [net.minecraftforge.registries.ForgeRegistry/REGISTRIES]: Registry minecraft:command_argument_type Sync: VANILLA -> ACTIVE
[07Aug2026 09:14:42.192] [pool-4-thread-1/DEBUG] [net.minecraftforge.registries.ForgeRegistry/REGISTRIES]: Registry minecraft:villager_profession Sync: VANILLA -> ACTIVE
[07Aug2026 09:14:42.192] [pool-4-thread-1/DEBUG] [net.minecraftforge.registries.ForgeRegistry/REGISTRIES]: Registry minecraft:point_of_interest_type Sync: VANILLA -> ACTIVE
[07Aug2026 09:14:42.195] [pool-4-thread-1/DEBUG] [net.minecraftforge.registries.ForgeRegistry/REGISTRIES]: Registry minecraft:memory_module_type Sync: VANILLA -> ACTIVE
[07Aug2026 09:14:42.195] [pool-4-thread-1/DEBUG] [net.minecraftforge.registries.ForgeRegistry/REGISTRIES]: Registry minecraft:sensor_type Sync: VANILLA -> ACTIVE
[07Aug2026 09:14:42.196] [pool-4-thread-1/DEBUG] [net.minecraftforge.registries.ForgeRegistry/REGISTRIES]: Registry minecraft:schedule Sync: VANILLA -> ACTIVE
[07Aug2026 09:14:42.196] [pool-4-thread-1/DEBUG] [net.minecraftforge.registries.ForgeRegistry/REGISTRIES]: Registry minecraft:activity Sync: VANILLA -> ACTIVE
[07Aug2026 09:14:42.196] [pool-4-thread-1/DEBUG] [net.minecraftforge.registries.ForgeRegistry/REGISTRIES]: Registry minecraft:worldgen/carver Sync: VANILLA -> ACTIVE
[07Aug2026 09:14:42.196] [pool-4-thread-1/DEBUG] [net.minecraftforge.registries.ForgeRegistry/REGISTRIES]: Registry minecraft:worldgen/feature Sync: VANILLA -> ACTIVE
[07Aug2026 09:14:42.197] [pool-4-thread-1/DEBUG] [net.minecraftforge.registries.ForgeRegistry/REGISTRIES]: Registry minecraft:chunk_status Sync: VANILLA -> ACTIVE
[07Aug2026 09:14:42.197] [pool-4-thread-1/DEBUG] [net.minecraftforge.registries.ForgeRegistry/REGISTRIES]: Registry minecraft:worldgen/block_state_provider_type Sync: VANILLA -> ACTIVE
[07Aug2026 09:14:42.197] [pool-4-thread-1/DEBUG] [net.minecraftforge.registries.ForgeRegistry/REGISTRIES]: Registry minecraft:worldgen/foliage_placer_type Sync: VANILLA -> ACTIVE
[07Aug2026 09:14:42.197] [pool-4-thread-1/DEBUG] [net.minecraftforge.registries.ForgeRegistry/REGISTRIES]: Registry minecraft:worldgen/tree_decorator_type Sync: VANILLA -> ACTIVE
[07Aug2026 09:14:42.197] [pool-4-thread-1/DEBUG] [net.minecraftforge.registries.ForgeRegistry/REGISTRIES]: Registry minecraft:worldgen/biome Sync: VANILLA -> ACTIVE
[07Aug2026 09:14:42.204] [pool-4-thread-1/DEBUG] [net.minecraftforge.registries.GameData/REGISTRIES]: Vanilla freeze snapshot created
[07Aug2026 09:14:42.220] [pool-4-thread-1/DEBUG] [io.netty.util.internal.PlatformDependent0/]: -Dio.netty.noUnsafe: false
[07Aug2026 09:14:42.221] [pool-4-thread-1/DEBUG] [io.netty.util.internal.PlatformDependent0/]: Java version: 17
[07Aug2026 09:14:42.221] [pool-4-thread-1/DEBUG] [io.netty.util.internal.PlatformDependent0/]: sun.misc.Unsafe.theUnsafe: available
[07Aug2026 09:14:42.222] [pool-4-thread-1/DEBUG] [io.netty.util.internal.PlatformDependent0/]: sun.misc.Unsafe.copyMemory: available
[07Aug2026 09:14:42.222] [pool-4-thread-1/DEBUG] [io.netty.util.internal.PlatformDependent0/]: sun.misc.Unsafe.storeFence: available
[07Aug2026 09:14:42.222] [pool-4-thread-1/DEBUG] [io.netty.util.internal.PlatformDependent0/]: java.nio.Buffer.address: available
[07Aug2026 09:14:42.223] [pool-4-thread-1/DEBUG] [io.netty.util.internal.PlatformDependent0/]: direct buffer constructor: unavailable
java.lang.UnsupportedOperationException: Reflective setAccessible(true) disabled
	at io.netty.util.internal.ReflectionUtil.trySetAccessible(ReflectionUtil.java:31) ~[netty-common-4.1.82.Final.jar%23113!/:4.1.82.Final]
	at io.netty.util.internal.PlatformDependent0$5.run(PlatformDependent0.java:288) ~[netty-common-4.1.82.Final.jar%23113!/:4.1.82.Final]
	at java.security.AccessController.doPrivileged(AccessController.java:318) ~[?:?]
	at io.netty.util.internal.PlatformDependent0.<clinit>(PlatformDependent0.java:282) ~[netty-common-4.1.82.Final.jar%23113!/:4.1.82.Final]
	at io.netty.util.internal.PlatformDependent.isAndroid(PlatformDependent.java:333) ~[netty-common-4.1.82.Final.jar%23113!/:4.1.82.Final]
	at io.netty.util.internal.PlatformDependent.<clinit>(PlatformDependent.java:88) ~[netty-common-4.1.82.Final.jar%23113!/:4.1.82.Final]
	at io.netty.util.ConstantPool.<init>(ConstantPool.java:34) ~[netty-common-4.1.82.Final.jar%23113!/:4.1.82.Final]
	at io.netty.util.AttributeKey$1.<init>(AttributeKey.java:27) ~[netty-common-4.1.82.Final.jar%23113!/:4.1.82.Final]
	at io.netty.util.AttributeKey.<clinit>(AttributeKey.java:27) ~[netty-common-4.1.82.Final.jar%23113!/:4.1.82.Final]
	at net.minecraftforge.network.NetworkConstants.<clinit>(NetworkConstants.java:34) ~[forge-1.20.1-47.4.22.jar%23176%23183!/:?]
	at net.minecraftforge.network.NetworkHooks.init(NetworkHooks.java:52) ~[forge-1.20.1-47.4.22.jar%23176%23183!/:?]
	at net.minecraft.server.Bootstrap.bootStrap(Bootstrap.java:62) ~[forge-1.20.1-47.4.22.jar%23177!/:?]
	at net.minecraft.client.main.Main.lambda$main$0(Main.java:151) ~[forge-1.20.1-47.4.22.jar%23177!/:?]
	at java.util.concurrent.Executors$RunnableAdapter.call(Executors.java:539) ~[?:?]
	at java.util.concurrent.FutureTask.run(FutureTask.java:264) ~[?:?]
	at java.util.concurrent.ThreadPoolExecutor.runWorker(ThreadPoolExecutor.java:1136) ~[?:?]
	at java.util.concurrent.ThreadPoolExecutor$Worker.run(ThreadPoolExecutor.java:635) ~[?:?]
	at java.lang.Thread.run(Thread.java:840) ~[?:?]
[07Aug2026 09:14:42.224] [pool-4-thread-1/DEBUG] [io.netty.util.internal.PlatformDependent0/]: java.nio.Bits.unaligned: available, true
[07Aug2026 09:14:42.226] [pool-4-thread-1/DEBUG] [io.netty.util.internal.PlatformDependent0/]: jdk.internal.misc.Unsafe.allocateUninitializedArray(int): unavailable
java.lang.IllegalAccessException: class io.netty.util.internal.PlatformDependent0$7 (in module io.netty.common) cannot access class jdk.internal.misc.Unsafe (in module java.base) because module java.base does not export jdk.internal.misc to module io.netty.common
	at jdk.internal.reflect.Reflection.newIllegalAccessException(Reflection.java:392) ~[?:?]
	at java.lang.reflect.AccessibleObject.checkAccess(AccessibleObject.java:674) ~[?:?]
	at java.lang.reflect.Method.invoke(Method.java:561) ~[?:?]
	at io.netty.util.internal.PlatformDependent0$7.run(PlatformDependent0.java:410) ~[netty-common-4.1.82.Final.jar%23113!/:4.1.82.Final]
	at java.security.AccessController.doPrivileged(AccessController.java:318) ~[?:?]
	at io.netty.util.internal.PlatformDependent0.<clinit>(PlatformDependent0.java:401) ~[netty-common-4.1.82.Final.jar%23113!/:4.1.82.Final]
	at io.netty.util.internal.PlatformDependent.isAndroid(PlatformDependent.java:333) ~[netty-common-4.1.82.Final.jar%23113!/:4.1.82.Final]
	at io.netty.util.internal.PlatformDependent.<clinit>(PlatformDependent.java:88) ~[netty-common-4.1.82.Final.jar%23113!/:4.1.82.Final]
	at io.netty.util.ConstantPool.<init>(ConstantPool.java:34) ~[netty-common-4.1.82.Final.jar%23113!/:4.1.82.Final]
	at io.netty.util.AttributeKey$1.<init>(AttributeKey.java:27) ~[netty-common-4.1.82.Final.jar%23113!/:4.1.82.Final]
	at io.netty.util.AttributeKey.<clinit>(AttributeKey.java:27) ~[netty-common-4.1.82.Final.jar%23113!/:4.1.82.Final]
	at net.minecraftforge.network.NetworkConstants.<clinit>(NetworkConstants.java:34) ~[forge-1.20.1-47.4.22.jar%23176%23183!/:?]
	at net.minecraftforge.network.NetworkHooks.init(NetworkHooks.java:52) ~[forge-1.20.1-47.4.22.jar%23176%23183!/:?]
	at net.minecraft.server.Bootstrap.bootStrap(Bootstrap.java:62) ~[forge-1.20.1-47.4.22.jar%23177!/:?]
	at net.minecraft.client.main.Main.lambda$main$0(Main.java:151) ~[forge-1.20.1-47.4.22.jar%23177!/:?]
	at java.util.concurrent.Executors$RunnableAdapter.call(Executors.java:539) ~[?:?]
	at java.util.concurrent.FutureTask.run(FutureTask.java:264) ~[?:?]
	at java.util.concurrent.ThreadPoolExecutor.runWorker(ThreadPoolExecutor.java:1136) ~[?:?]
	at java.util.concurrent.ThreadPoolExecutor$Worker.run(ThreadPoolExecutor.java:635) ~[?:?]
	at java.lang.Thread.run(Thread.java:840) ~[?:?]
[07Aug2026 09:14:42.227] [pool-4-thread-1/DEBUG] [io.netty.util.internal.PlatformDependent0/]: java.nio.DirectByteBuffer.<init>(long, int): unavailable
[07Aug2026 09:14:42.227] [pool-4-thread-1/DEBUG] [io.netty.util.internal.PlatformDependent/]: sun.misc.Unsafe: available
[07Aug2026 09:14:42.228] [pool-4-thread-1/DEBUG] [io.netty.util.internal.PlatformDependent/]: maxDirectMemory: 8396996608 bytes (maybe)
[07Aug2026 09:14:42.228] [pool-4-thread-1/DEBUG] [io.netty.util.internal.PlatformDependent/]: -Dio.netty.tmpdir: /tmp (java.io.tmpdir)
[07Aug2026 09:14:42.228] [pool-4-thread-1/DEBUG] [io.netty.util.internal.PlatformDependent/]: -Dio.netty.bitMode: 64 (sun.arch.data.model)
[07Aug2026 09:14:42.229] [pool-4-thread-1/DEBUG] [io.netty.util.internal.PlatformDependent/]: -Dio.netty.maxDirectMemory: -1 bytes
[07Aug2026 09:14:42.229] [pool-4-thread-1/DEBUG] [io.netty.util.internal.PlatformDependent/]: -Dio.netty.uninitializedArrayAllocationThreshold: -1
[07Aug2026 09:14:42.230] [pool-4-thread-1/DEBUG] [io.netty.util.internal.CleanerJava9/]: java.nio.ByteBuffer.cleaner(): available
[07Aug2026 09:14:42.230] [pool-4-thread-1/DEBUG] [io.netty.util.internal.PlatformDependent/]: -Dio.netty.noPreferDirect: false
[07Aug2026 09:14:42.299] [pool-4-thread-1/DEBUG] [net.minecraftforge.network.NetworkHooks/]: Loading Network data for FML net version: FML3
[07Aug2026 09:14:42.529] [Render thread/WARN] [net.minecraft.server.packs.VanillaPackResourcesBuilder/]: Assets URL 'union:/mnt/AXDISK_EXT4/MCreatorWorkspaces/immersive_stamina/build/moddev/artifacts/forge-1.20.1-47.4.22.jar%23177!/assets/.mcassetsroot' uses unexpected schema
[07Aug2026 09:14:42.529] [Render thread/WARN] [net.minecraft.server.packs.VanillaPackResourcesBuilder/]: Assets URL 'union:/mnt/AXDISK_EXT4/MCreatorWorkspaces/immersive_stamina/build/moddev/artifacts/forge-1.20.1-47.4.22.jar%23177!/data/.mcassetsroot' uses unexpected schema
[07Aug2026 09:14:42.544] [Render thread/INFO] [com.mojang.authlib.yggdrasil.YggdrasilAuthenticationService/]: Environment: authHost='https://authserver.mojang.com', accountsHost='https://api.mojang.com', sessionHost='https://sessionserver.mojang.com', servicesHost='https://api.minecraftservices.com', name='PROD'
[07Aug2026 09:14:42.550] [Render thread/INFO] [net.minecraft.client.Minecraft/]: Setting user: Dev
[07Aug2026 09:14:42.658] [Render thread/INFO] [net.minecraft.client.Minecraft/]: Backend library: LWJGL version 3.3.1 build 7
[07Aug2026 09:14:42.714] [Render thread/DEBUG] [oshi.util.FileUtil/]: Reading file /sys/devices/system/cpu/cpu0/topology/core_id
[07Aug2026 09:14:42.715] [Render thread/DEBUG] [oshi.util.FileUtil/]: Reading file /sys/devices/system/cpu/cpu0/topology/core_id
[07Aug2026 09:14:42.715] [Render thread/DEBUG] [oshi.util.FileUtil/]: Reading file /sys/devices/system/cpu/cpu0/topology/physical_package_id
[07Aug2026 09:14:42.715] [Render thread/DEBUG] [oshi.util.FileUtil/]: Reading file /sys/devices/system/cpu/cpu0/topology/physical_package_id
[07Aug2026 09:14:42.715] [Render thread/DEBUG] [oshi.util.FileUtil/]: Reading file /sys/devices/system/cpu/cpu0/cpu_capacity
[07Aug2026 09:14:42.715] [Render thread/DEBUG] [oshi.util.FileUtil/]: Reading file /sys/devices/system/cpu/cpu0/cpu_capacity
[07Aug2026 09:14:42.716] [Render thread/DEBUG] [oshi.util.FileUtil/]: Reading file /sys/devices/system/cpu/cpu1/topology/core_id
[07Aug2026 09:14:42.716] [Render thread/DEBUG] [oshi.util.FileUtil/]: Reading file /sys/devices/system/cpu/cpu1/topology/core_id
[07Aug2026 09:14:42.716] [Render thread/DEBUG] [oshi.util.FileUtil/]: Reading file /sys/devices/system/cpu/cpu1/topology/physical_package_id
[07Aug2026 09:14:42.716] [Render thread/DEBUG] [oshi.util.FileUtil/]: Reading file /sys/devices/system/cpu/cpu1/topology/physical_package_id
[07Aug2026 09:14:42.716] [Render thread/DEBUG] [oshi.util.FileUtil/]: Reading file /sys/devices/system/cpu/cpu1/cpu_capacity
[07Aug2026 09:14:42.716] [Render thread/DEBUG] [oshi.util.FileUtil/]: Reading file /sys/devices/system/cpu/cpu1/cpu_capacity
[07Aug2026 09:14:42.717] [Render thread/DEBUG] [oshi.util.FileUtil/]: Reading file /sys/devices/system/cpu/cpu2/topology/core_id
[07Aug2026 09:14:42.717] [Render thread/DEBUG] [oshi.util.FileUtil/]: Reading file /sys/devices/system/cpu/cpu2/topology/core_id
[07Aug2026 09:14:42.717] [Render thread/DEBUG] [oshi.util.FileUtil/]: Reading file /sys/devices/system/cpu/cpu2/topology/physical_package_id
[07Aug2026 09:14:42.717] [Render thread/DEBUG] [oshi.util.FileUtil/]: Reading file /sys/devices/system/cpu/cpu2/topology/physical_package_id
[07Aug2026 09:14:42.717] [Render thread/DEBUG] [oshi.util.FileUtil/]: Reading file /sys/devices/system/cpu/cpu2/cpu_capacity
[07Aug2026 09:14:42.717] [Render thread/DEBUG] [oshi.util.FileUtil/]: Reading file /sys/devices/system/cpu/cpu2/cpu_capacity
[07Aug2026 09:14:42.718] [Render thread/DEBUG] [oshi.util.FileUtil/]: Reading file /sys/devices/system/cpu/cpu3/topology/core_id
[07Aug2026 09:14:42.718] [Render thread/DEBUG] [oshi.util.FileUtil/]: Reading file /sys/devices/system/cpu/cpu3/topology/core_id
[07Aug2026 09:14:42.718] [Render thread/DEBUG] [oshi.util.FileUtil/]: Reading file /sys/devices/system/cpu/cpu3/topology/physical_package_id
[07Aug2026 09:14:42.718] [Render thread/DEBUG] [oshi.util.FileUtil/]: Reading file /sys/devices/system/cpu/cpu3/topology/physical_package_id
[07Aug2026 09:14:42.718] [Render thread/DEBUG] [oshi.util.FileUtil/]: Reading file /sys/devices/system/cpu/cpu3/cpu_capacity
[07Aug2026 09:14:42.718] [Render thread/DEBUG] [oshi.util.FileUtil/]: Reading file /sys/devices/system/cpu/cpu3/cpu_capacity
[07Aug2026 09:14:42.719] [Render thread/DEBUG] [oshi.util.FileUtil/]: Reading file /sys/devices/system/cpu/cpu4/topology/core_id
[07Aug2026 09:14:42.719] [Render thread/DEBUG] [oshi.util.FileUtil/]: Reading file /sys/devices/system/cpu/cpu4/topology/core_id
[07Aug2026 09:14:42.719] [Render thread/DEBUG] [oshi.util.FileUtil/]: Reading file /sys/devices/system/cpu/cpu4/topology/physical_package_id
[07Aug2026 09:14:42.719] [Render thread/DEBUG] [oshi.util.FileUtil/]: Reading file /sys/devices/system/cpu/cpu4/topology/physical_package_id
[07Aug2026 09:14:42.719] [Render thread/DEBUG] [oshi.util.FileUtil/]: Reading file /sys/devices/system/cpu/cpu4/cpu_capacity
[07Aug2026 09:14:42.719] [Render thread/DEBUG] [oshi.util.FileUtil/]: Reading file /sys/devices/system/cpu/cpu4/cpu_capacity
[07Aug2026 09:14:42.720] [Render thread/DEBUG] [oshi.util.FileUtil/]: Reading file /sys/devices/system/cpu/cpu5/topology/core_id
[07Aug2026 09:14:42.720] [Render thread/DEBUG] [oshi.util.FileUtil/]: Reading file /sys/devices/system/cpu/cpu5/topology/core_id
[07Aug2026 09:14:42.720] [Render thread/DEBUG] [oshi.util.FileUtil/]: Reading file /sys/devices/system/cpu/cpu5/topology/physical_package_id
[07Aug2026 09:14:42.720] [Render thread/DEBUG] [oshi.util.FileUtil/]: Reading file /sys/devices/system/cpu/cpu5/topology/physical_package_id
[07Aug2026 09:14:42.721] [Render thread/DEBUG] [oshi.util.FileUtil/]: Reading file /sys/devices/system/cpu/cpu5/cpu_capacity
[07Aug2026 09:14:42.721] [Render thread/DEBUG] [oshi.util.FileUtil/]: Reading file /sys/devices/system/cpu/cpu5/cpu_capacity
[07Aug2026 09:14:42.722] [Render thread/DEBUG] [oshi.util.FileUtil/]: Reading file /sys/devices/system/cpu/cpu6/topology/core_id
[07Aug2026 09:14:42.722] [Render thread/DEBUG] [oshi.util.FileUtil/]: Reading file /sys/devices/system/cpu/cpu6/topology/core_id
[07Aug2026 09:14:42.722] [Render thread/DEBUG] [oshi.util.FileUtil/]: Reading file /sys/devices/system/cpu/cpu6/topology/physical_package_id
[07Aug2026 09:14:42.722] [Render thread/DEBUG] [oshi.util.FileUtil/]: Reading file /sys/devices/system/cpu/cpu6/topology/physical_package_id
[07Aug2026 09:14:42.722] [Render thread/DEBUG] [oshi.util.FileUtil/]: Reading file /sys/devices/system/cpu/cpu6/cpu_capacity
[07Aug2026 09:14:42.722] [Render thread/DEBUG] [oshi.util.FileUtil/]: Reading file /sys/devices/system/cpu/cpu6/cpu_capacity
[07Aug2026 09:14:42.723] [Render thread/DEBUG] [oshi.util.FileUtil/]: Reading file /sys/devices/system/cpu/cpu7/topology/core_id
[07Aug2026 09:14:42.723] [Render thread/DEBUG] [oshi.util.FileUtil/]: Reading file /sys/devices/system/cpu/cpu7/topology/core_id
[07Aug2026 09:14:42.723] [Render thread/DEBUG] [oshi.util.FileUtil/]: Reading file /sys/devices/system/cpu/cpu7/topology/physical_package_id
[07Aug2026 09:14:42.723] [Render thread/DEBUG] [oshi.util.FileUtil/]: Reading file /sys/devices/system/cpu/cpu7/topology/physical_package_id
[07Aug2026 09:14:42.723] [Render thread/DEBUG] [oshi.util.FileUtil/]: Reading file /sys/devices/system/cpu/cpu7/cpu_capacity
[07Aug2026 09:14:42.723] [Render thread/DEBUG] [oshi.util.FileUtil/]: Reading file /sys/devices/system/cpu/cpu7/cpu_capacity
[07Aug2026 09:14:42.724] [Render thread/DEBUG] [oshi.util.FileUtil/]: Reading file /proc/cpuinfo
[07Aug2026 09:14:42.731] [Render thread/DEBUG] [oshi.util.FileUtil/]: Reading file /proc/self/auxv
[07Aug2026 09:14:42.820] [Render thread/DEBUG] [net.minecraftforge.common.ForgeI18n/CORE]: Loading I18N data entries: 6434
[07Aug2026 09:14:42.853] [Render thread/DEBUG] [net.minecraftforge.fml.ModWorkManager/LOADING]: Using 8 threads for parallel mod-loading
[07Aug2026 09:14:42.876] [Render thread/DEBUG] [net.minecraftforge.fml.javafmlmod.FMLJavaModLanguageProvider/LOADING]: Loading FMLModContainer from classloader cpw.mods.modlauncher.TransformingClassLoader@3382cf68 - got cpw.mods.cl.ModuleClassLoader@4a55a6e8
[07Aug2026 09:14:42.878] [Render thread/DEBUG] [net.minecraftforge.fml.javafmlmod.FMLModContainer/LOADING]: Creating FMLModContainer instance for net.mcreator.kerilom.immersivestamina.ImmersiveStaminaMod
[07Aug2026 09:14:42.881] [Render thread/DEBUG] [net.minecraftforge.fml.javafmlmod.FMLJavaModLanguageProvider/LOADING]: Loading FMLModContainer from classloader cpw.mods.modlauncher.TransformingClassLoader@3382cf68 - got cpw.mods.cl.ModuleClassLoader@4a55a6e8
[07Aug2026 09:14:42.881] [Render thread/DEBUG] [net.minecraftforge.fml.javafmlmod.FMLModContainer/LOADING]: Creating FMLModContainer instance for net.minecraftforge.common.ForgeMod
[07Aug2026 09:14:42.984] [modloading-worker-0/DEBUG] [net.minecraftforge.versions.forge.ForgeVersion/CORE]: Forge Version package package net.minecraftforge.versions.forge, Forge, version 47.4 from cpw.mods.modlauncher.TransformingClassLoader@3382cf68
[07Aug2026 09:14:42.984] [modloading-worker-0/DEBUG] [net.minecraftforge.versions.forge.ForgeVersion/CORE]: Found Forge version 47.4.22
[07Aug2026 09:14:42.984] [modloading-worker-0/DEBUG] [net.minecraftforge.versions.forge.ForgeVersion/CORE]: Found Forge spec 47.4
[07Aug2026 09:14:42.985] [modloading-worker-0/DEBUG] [net.minecraftforge.fml.javafmlmod.AutomaticEventSubscriber/LOADING]: Attempting to inject @EventBusSubscriber classes into the eventbus for immersive_stamina
[07Aug2026 09:14:42.985] [modloading-worker-0/DEBUG] [net.minecraftforge.versions.forge.ForgeVersion/CORE]: Found Forge group net.minecraftforge
[07Aug2026 09:14:42.987] [modloading-worker-0/DEBUG] [net.minecraftforge.versions.mcp.MCPVersion/CORE]: MCP Version package package net.minecraftforge.versions.mcp, Minecraft, version 1.20.1 from cpw.mods.modlauncher.TransformingClassLoader@3382cf68
[07Aug2026 09:14:42.994] [modloading-worker-0/DEBUG] [net.minecraftforge.versions.mcp.MCPVersion/CORE]: Found MC version information 1.20.1
[07Aug2026 09:14:42.994] [modloading-worker-0/DEBUG] [net.minecraftforge.versions.mcp.MCPVersion/CORE]: Found MCP version information 20230612.114412
[07Aug2026 09:14:42.994] [modloading-worker-0/INFO] [net.minecraftforge.common.ForgeMod/FORGEMOD]: Forge mod loading, version 47.4.22, for MC 1.20.1 with MCP 20230612.114412
[07Aug2026 09:14:42.995] [modloading-worker-0/INFO] [net.minecraftforge.common.MinecraftForge/FORGE]: MinecraftForge v47.4.22 Initialized
[07Aug2026 09:14:42.996] [modloading-worker-0/DEBUG] [net.minecraftforge.fml.javafmlmod.AutomaticEventSubscriber/LOADING]: Auto-subscribing net.mcreator.kerilom.immersivestamina.procedures.RightClickOnBlockProcedure to FORGE
[07Aug2026 09:14:43.003] [modloading-worker-0/DEBUG] [net.minecraftforge.fml.javafmlmod.AutomaticEventSubscriber/LOADING]: Auto-subscribing net.mcreator.kerilom.immersivestamina.procedures.LeftClickAirProcedure$LeftClickAirMessage to MOD
[07Aug2026 09:14:43.006] [modloading-worker-0/DEBUG] [net.minecraftforge.fml.javafmlmod.AutomaticEventSubscriber/LOADING]: Auto-subscribing net.mcreator.kerilom.immersivestamina.procedures.CoreProcedure to FORGE
[07Aug2026 09:14:43.010] [modloading-worker-0/DEBUG] [net.minecraftforge.fml.javafmlmod.AutomaticEventSubscriber/LOADING]: Auto-subscribing net.mcreator.kerilom.immersivestamina.procedures.PlayerHurtedProcedure to FORGE
[07Aug2026 09:14:43.013] [modloading-worker-0/DEBUG] [net.minecraftforge.fml.javafmlmod.AutomaticEventSubscriber/LOADING]: Auto-subscribing net.mcreator.kerilom.immersivestamina.procedures.BlockedWithShieldProcedure to FORGE
[07Aug2026 09:14:43.018] [modloading-worker-0/DEBUG] [net.minecraftforge.fml.javafmlmod.AutomaticEventSubscriber/LOADING]: Auto-subscribing net.mcreator.kerilom.immersivestamina.procedures.StartUsingItemProcedure to FORGE
[07Aug2026 09:14:43.021] [modloading-worker-0/DEBUG] [net.minecraftforge.fml.javafmlmod.AutomaticEventSubscriber/LOADING]: Auto-subscribing net.mcreator.kerilom.immersivestamina.procedures.PlayerHurtEntityProcedure to FORGE
[07Aug2026 09:14:43.024] [modloading-worker-0/DEBUG] [net.minecraftforge.fml.javafmlmod.AutomaticEventSubscriber/LOADING]: Auto-subscribing net.mcreator.kerilom.immersivestamina.procedures.StopUsingItemProcedure to FORGE
[07Aug2026 09:14:43.025] [modloading-worker-0/DEBUG] [net.minecraftforge.fml.javafmlmod.AutomaticEventSubscriber/LOADING]: Auto-subscribing net.mcreator.kerilom.immersivestamina.procedures.JumpProcedure to FORGE
[07Aug2026 09:14:43.028] [modloading-worker-0/DEBUG] [net.minecraftforge.fml.javafmlmod.AutomaticEventSubscriber/LOADING]: Auto-subscribing net.mcreator.kerilom.immersivestamina.procedures.LeftClickAirProcedure to FORGE
[07Aug2026 09:14:43.029] [modloading-worker-0/DEBUG] [net.minecraftforge.fml.javafmlmod.AutomaticEventSubscriber/LOADING]: Auto-subscribing net.mcreator.kerilom.immersivestamina.init.ImmersiveStaminaModAttributes$PlayerAttributesSync to FORGE
[07Aug2026 09:14:43.032] [modloading-worker-0/DEBUG] [net.minecraftforge.fml.javafmlmod.AutomaticEventSubscriber/LOADING]: Auto-subscribing net.mcreator.kerilom.immersivestamina.init.ImmersiveStaminaModConfigs to MOD
[07Aug2026 09:14:43.033] [modloading-worker-0/DEBUG] [net.minecraftforge.fml.javafmlmod.AutomaticEventSubscriber/LOADING]: Auto-subscribing net.mcreator.kerilom.immersivestamina.init.ImmersiveStaminaModAttributes to MOD
[07Aug2026 09:14:43.035] [modloading-worker-0/DEBUG] [net.minecraftforge.fml.javafmlmod.AutomaticEventSubscriber/LOADING]: Auto-subscribing net.mcreator.kerilom.immersivestamina.VignetteOverlay to FORGE
[07Aug2026 09:14:43.037] [modloading-worker-0/DEBUG] [net.minecraftforge.fml.javafmlmod.AutomaticEventSubscriber/LOADING]: Auto-subscribing net.mcreator.kerilom.immersivestamina.Slowmining to FORGE
[07Aug2026 09:14:43.039] [modloading-worker-0/DEBUG] [net.minecraftforge.fml.javafmlmod.AutomaticEventSubscriber/LOADING]: Auto-subscribing net.mcreator.kerilom.immersivestamina.VignetteOverlayRegister to MOD
[07Aug2026 09:14:43.042] [modloading-worker-0/DEBUG] [net.minecraftforge.fml.javafmlmod.AutomaticEventSubscriber/LOADING]: Auto-subscribing net.mcreator.kerilom.immersivestamina.command.ImmersiveStaminaCommand to FORGE
[07Aug2026 09:14:43.047] [modloading-worker-0/DEBUG] [net.minecraftforge.fml.javafmlmod.AutomaticEventSubscriber/LOADING]: Auto-subscribing net.mcreator.kerilom.immersivestamina.network.ImmersiveStaminaModVariables$PlayerVariablesProvider to FORGE
[07Aug2026 09:14:43.052] [modloading-worker-0/DEBUG] [net.minecraftforge.fml.javafmlmod.AutomaticEventSubscriber/LOADING]: Auto-subscribing net.mcreator.kerilom.immersivestamina.network.ImmersiveStaminaModVariables to MOD
[07Aug2026 09:14:43.062] [modloading-worker-0/DEBUG] [net.minecraftforge.fml.javafmlmod.AutomaticEventSubscriber/LOADING]: Auto-subscribing net.mcreator.kerilom.immersivestamina.network.ImmersiveStaminaModVariables$EventBusVariableHandlers to FORGE
[07Aug2026 09:14:43.067] [modloading-worker-0/DEBUG] [net.minecraftforge.fml.javafmlmod.AutomaticEventSubscriber/LOADING]: Auto-subscribing net.mcreator.kerilom.immersivestamina.client.screens.StaminaOverlay to FORGE
[07Aug2026 09:14:43.068] [modloading-worker-0/DEBUG] [net.minecraftforge.fml.config.ConfigTracker/CONFIG]: Config file forge-client.toml for forge tracking
[07Aug2026 09:14:43.068] [modloading-worker-0/DEBUG] [net.minecraftforge.fml.config.ConfigTracker/CONFIG]: Config file forge-server.toml for forge tracking
[07Aug2026 09:14:43.068] [modloading-worker-0/DEBUG] [net.minecraftforge.fml.ModLoadingContext/]: Attempted to register an empty config for type COMMON on mod forge
[07Aug2026 09:14:43.096] [modloading-worker-0/DEBUG] [net.minecraftforge.fml.javafmlmod.AutomaticEventSubscriber/LOADING]: Attempting to inject @EventBusSubscriber classes into the eventbus for forge
[07Aug2026 09:14:43.098] [modloading-worker-0/DEBUG] [net.minecraftforge.fml.javafmlmod.AutomaticEventSubscriber/LOADING]: Auto-subscribing net.minecraftforge.client.ClientForgeMod to MOD
[07Aug2026 09:14:43.106] [modloading-worker-0/DEBUG] [net.minecraftforge.fml.javafmlmod.AutomaticEventSubscriber/LOADING]: Auto-subscribing net.minecraftforge.client.ForgeHooksClient$ClientEvents to MOD
[07Aug2026 09:14:43.116] [modloading-worker-0/DEBUG] [net.minecraftforge.fml.javafmlmod.AutomaticEventSubscriber/LOADING]: Auto-subscribing net.minecraftforge.client.model.data.ModelDataManager to FORGE
[07Aug2026 09:14:43.119] [modloading-worker-0/DEBUG] [net.minecraftforge.fml.javafmlmod.AutomaticEventSubscriber/LOADING]: Auto-subscribing net.minecraftforge.common.ForgeSpawnEggItem$ColorRegisterHandler to MOD
[07Aug2026 09:14:43.127] [modloading-worker-0/DEBUG] [net.minecraftforge.fml.javafmlmod.AutomaticEventSubscriber/LOADING]: Auto-subscribing net.minecraftforge.common.ForgeSpawnEggItem$CommonHandler to MOD
[07Aug2026 09:14:43.129] [Render thread/DEBUG] [net.minecraftforge.fml.DeferredWorkQueue/LOADING]: Dispatching synchronous work for work queue CONSTRUCT: 1 jobs
[07Aug2026 09:14:43.133] [Render thread/DEBUG] [net.minecraftforge.fml.config.ConfigTracker/CONFIG]: Config file immersivestamina-common.toml for immersive_stamina tracking
[07Aug2026 09:14:43.133] [Render thread/DEBUG] [net.minecraftforge.fml.DeferredWorkQueue/LOADING]: Synchronous work queue completed in 3.413 ms
[07Aug2026 09:14:43.172] [Render thread/DEBUG] [net.minecraftforge.registries.ObjectHolderRegistry/REGISTRIES]: Processing ObjectHolder annotations
[07Aug2026 09:14:43.206] [Render thread/DEBUG] [net.minecraftforge.registries.ObjectHolderRegistry/REGISTRIES]: Found 3854 ObjectHolder annotations
[07Aug2026 09:14:43.209] [Render thread/DEBUG] [net.minecraftforge.common.capabilities.CapabilityManager/CAPABILITIES]: Attempting to automatically register: Lnet/minecraftforge/energy/IEnergyStorage;
[07Aug2026 09:14:43.209] [Render thread/DEBUG] [net.minecraftforge.common.capabilities.CapabilityManager/CAPABILITIES]: Attempting to automatically register: Lnet/minecraftforge/fluids/capability/IFluidHandler;
[07Aug2026 09:14:43.210] [Render thread/DEBUG] [net.minecraftforge.common.capabilities.CapabilityManager/CAPABILITIES]: Attempting to automatically register: Lnet/minecraftforge/fluids/capability/IFluidHandlerItem;
[07Aug2026 09:14:43.210] [Render thread/DEBUG] [net.minecraftforge.common.capabilities.CapabilityManager/CAPABILITIES]: Attempting to automatically register: Lnet/minecraftforge/items/IItemHandler;
[07Aug2026 09:14:43.211] [Render thread/DEBUG] [net.minecraftforge.registries.GameData/REGISTRIES]: Unfreezing vanilla registries
[07Aug2026 09:14:43.214] [Render thread/DEBUG] [net.minecraftforge.registries.GameData/REGISTRIES]: Applying holder lookups: minecraft:sound_event
[07Aug2026 09:14:43.219] [Render thread/DEBUG] [net.minecraftforge.registries.GameData/REGISTRIES]: Holder lookups applied: minecraft:sound_event
[07Aug2026 09:14:43.219] [Render thread/DEBUG] [net.minecraftforge.registries.GameData/REGISTRIES]: Applying holder lookups: minecraft:fluid
[07Aug2026 09:14:43.220] [Render thread/DEBUG] [net.minecraftforge.registries.GameData/REGISTRIES]: Holder lookups applied: minecraft:fluid
[07Aug2026 09:14:43.220] [Render thread/DEBUG] [net.minecraftforge.registries.GameData/REGISTRIES]: Applying holder lookups: minecraft:block
[07Aug2026 09:14:43.222] [Render thread/DEBUG] [net.minecraftforge.registries.GameData/REGISTRIES]: Holder lookups applied: minecraft:block
[07Aug2026 09:14:43.224] [Render thread/DEBUG] [net.minecraftforge.registries.GameData/REGISTRIES]: Applying holder lookups: minecraft:attribute
[07Aug2026 09:14:43.225] [Render thread/DEBUG] [net.minecraftforge.registries.GameData/REGISTRIES]: Holder lookups applied: minecraft:attribute
[07Aug2026 09:14:43.225] [Render thread/DEBUG] [net.minecraftforge.registries.GameData/REGISTRIES]: Applying holder lookups: minecraft:mob_effect
[07Aug2026 09:14:43.227] [Render thread/DEBUG] [net.minecraftforge.registries.GameData/REGISTRIES]: Holder lookups applied: minecraft:mob_effect
[07Aug2026 09:14:43.227] [Render thread/DEBUG] [net.minecraftforge.registries.GameData/REGISTRIES]: Applying holder lookups: minecraft:particle_type
[07Aug2026 09:14:43.228] [Render thread/DEBUG] [net.minecraftforge.registries.GameData/REGISTRIES]: Holder lookups applied: minecraft:particle_type
[07Aug2026 09:14:43.228] [Render thread/DEBUG] [net.minecraftforge.registries.GameData/REGISTRIES]: Applying holder lookups: minecraft:item
[07Aug2026 09:14:43.231] [Render thread/DEBUG] [net.minecraftforge.registries.GameData/REGISTRIES]: Holder lookups applied: minecraft:item
[07Aug2026 09:14:43.231] [Render thread/DEBUG] [net.minecraftforge.registries.GameData/REGISTRIES]: Applying holder lookups: minecraft:entity_type
[07Aug2026 09:14:43.232] [Render thread/DEBUG] [net.minecraftforge.registries.GameData/REGISTRIES]: Holder lookups applied: minecraft:entity_type
[07Aug2026 09:14:43.233] [Render thread/DEBUG] [net.minecraftforge.registries.GameData/REGISTRIES]: Applying holder lookups: minecraft:sensor_type
[07Aug2026 09:14:43.233] [Render thread/DEBUG] [net.minecraftforge.registries.GameData/REGISTRIES]: Holder lookups applied: minecraft:sensor_type
[07Aug2026 09:14:43.234] [Render thread/DEBUG] [net.minecraftforge.registries.GameData/REGISTRIES]: Applying holder lookups: minecraft:memory_module_type
[07Aug2026 09:14:43.235] [Render thread/DEBUG] [net.minecraftforge.registries.GameData/REGISTRIES]: Holder lookups applied: minecraft:memory_module_type
[07Aug2026 09:14:43.235] [Render thread/DEBUG] [net.minecraftforge.registries.GameData/REGISTRIES]: Applying holder lookups: minecraft:potion
[07Aug2026 09:14:43.236] [Render thread/DEBUG] [net.minecraftforge.registries.GameData/REGISTRIES]: Holder lookups applied: minecraft:potion
[07Aug2026 09:14:43.236] [Render thread/DEBUG] [net.minecraftforge.registries.GameData/REGISTRIES]: Applying holder lookups: minecraft:game_event
[07Aug2026 09:14:43.237] [Render thread/DEBUG] [net.minecraftforge.registries.GameData/REGISTRIES]: Holder lookups applied: minecraft:game_event
[07Aug2026 09:14:43.238] [Render thread/DEBUG] [net.minecraftforge.registries.GameData/REGISTRIES]: Applying holder lookups: minecraft:enchantment
[07Aug2026 09:14:43.239] [Render thread/DEBUG] [net.minecraftforge.registries.GameData/REGISTRIES]: Holder lookups applied: minecraft:enchantment
[07Aug2026 09:14:43.239] [Render thread/DEBUG] [net.minecraftforge.registries.GameData/REGISTRIES]: Applying holder lookups: minecraft:block_entity_type
[07Aug2026 09:14:43.240] [Render thread/DEBUG] [net.minecraftforge.registries.GameData/REGISTRIES]: Holder lookups applied: minecraft:block_entity_type
[07Aug2026 09:14:43.241] [Render thread/DEBUG] [net.minecraftforge.registries.GameData/REGISTRIES]: Applying holder lookups: minecraft:painting_variant
[07Aug2026 09:14:43.242] [Render thread/DEBUG] [net.minecraftforge.registries.GameData/REGISTRIES]: Holder lookups applied: minecraft:painting_variant
[07Aug2026 09:14:43.242] [Render thread/DEBUG] [net.minecraftforge.registries.GameData/REGISTRIES]: Applying holder lookups: minecraft:stat_type
[07Aug2026 09:14:43.243] [Render thread/DEBUG] [net.minecraftforge.registries.GameData/REGISTRIES]: Holder lookups applied: minecraft:stat_type
[07Aug2026 09:14:43.243] [Render thread/DEBUG] [net.minecraftforge.registries.GameData/REGISTRIES]: Applying holder lookups: minecraft:custom_stat
[07Aug2026 09:14:43.244] [Render thread/DEBUG] [net.minecraftforge.registries.GameData/REGISTRIES]: Holder lookups applied: minecraft:custom_stat
[07Aug2026 09:14:43.245] [Render thread/DEBUG] [net.minecraftforge.registries.GameData/REGISTRIES]: Applying holder lookups: minecraft:chunk_status
[07Aug2026 09:14:43.246] [Render thread/DEBUG] [net.minecraftforge.registries.GameData/REGISTRIES]: Holder lookups applied: minecraft:chunk_status
[07Aug2026 09:14:43.246] [Render thread/DEBUG] [net.minecraftforge.registries.GameData/REGISTRIES]: Applying holder lookups: minecraft:rule_test
[07Aug2026 09:14:43.247] [Render thread/DEBUG] [net.minecraftforge.registries.GameData/REGISTRIES]: Holder lookups applied: minecraft:rule_test
[07Aug2026 09:14:43.247] [Render thread/DEBUG] [net.minecraftforge.registries.GameData/REGISTRIES]: Applying holder lookups: minecraft:rule_block_entity_modifier
[07Aug2026 09:14:43.248] [Render thread/DEBUG] [net.minecraftforge.registries.GameData/REGISTRIES]: Holder lookups applied: minecraft:rule_block_entity_modifier
[07Aug2026 09:14:43.248] [Render thread/DEBUG] [net.minecraftforge.registries.GameData/REGISTRIES]: Applying holder lookups: minecraft:pos_rule_test
[07Aug2026 09:14:43.249] [Render thread/DEBUG] [net.minecraftforge.registries.GameData/REGISTRIES]: Holder lookups applied: minecraft:pos_rule_test
[07Aug2026 09:14:43.249] [Render thread/DEBUG] [net.minecraftforge.registries.GameData/REGISTRIES]: Applying holder lookups: minecraft:menu
[07Aug2026 09:14:43.250] [Render thread/DEBUG] [net.minecraftforge.registries.GameData/REGISTRIES]: Holder lookups applied: minecraft:menu
[07Aug2026 09:14:43.251] [Render thread/DEBUG] [net.minecraftforge.registries.GameData/REGISTRIES]: Applying holder lookups: minecraft:recipe_type
[07Aug2026 09:14:43.252] [Render thread/DEBUG] [net.minecraftforge.registries.GameData/REGISTRIES]: Holder lookups applied: minecraft:recipe_type
[07Aug2026 09:14:43.272] [Render thread/DEBUG] [net.minecraftforge.registries.GameData/REGISTRIES]: Applying holder lookups: minecraft:recipe_serializer
[07Aug2026 09:14:43.273] [Render thread/DEBUG] [net.minecraftforge.registries.GameData/REGISTRIES]: Holder lookups applied: minecraft:recipe_serializer
[07Aug2026 09:14:43.273] [Render thread/DEBUG] [net.minecraftforge.registries.GameData/REGISTRIES]: Applying holder lookups: minecraft:position_source_type
[07Aug2026 09:14:43.274] [Render thread/DEBUG] [net.minecraftforge.registries.GameData/REGISTRIES]: Holder lookups applied: minecraft:position_source_type
[07Aug2026 09:14:43.277] [Render thread/DEBUG] [net.minecraftforge.registries.GameData/REGISTRIES]: Applying holder lookups: minecraft:command_argument_type
[07Aug2026 09:14:43.278] [Render thread/DEBUG] [net.minecraftforge.registries.GameData/REGISTRIES]: Holder lookups applied: minecraft:command_argument_type
[07Aug2026 09:14:43.278] [Render thread/DEBUG] [net.minecraftforge.registries.GameData/REGISTRIES]: Applying holder lookups: minecraft:villager_type
[07Aug2026 09:14:43.279] [Render thread/DEBUG] [net.minecraftforge.registries.GameData/REGISTRIES]: Holder lookups applied: minecraft:villager_type
[07Aug2026 09:14:43.280] [Render thread/DEBUG] [net.minecraftforge.registries.GameData/REGISTRIES]: Applying holder lookups: minecraft:villager_profession
[07Aug2026 09:14:43.281] [Render thread/DEBUG] [net.minecraftforge.registries.GameData/REGISTRIES]: Holder lookups applied: minecraft:villager_profession
[07Aug2026 09:14:43.281] [Render thread/DEBUG] [net.minecraftforge.registries.GameData/REGISTRIES]: Applying holder lookups: minecraft:point_of_interest_type
[07Aug2026 09:14:43.282] [Render thread/DEBUG] [net.minecraftforge.registries.GameData/REGISTRIES]: Holder lookups applied: minecraft:point_of_interest_type
[07Aug2026 09:14:43.282] [Render thread/DEBUG] [net.minecraftforge.registries.GameData/REGISTRIES]: Applying holder lookups: minecraft:schedule
[07Aug2026 09:14:43.283] [Render thread/DEBUG] [net.minecraftforge.registries.GameData/REGISTRIES]: Holder lookups applied: minecraft:schedule
[07Aug2026 09:14:43.283] [Render thread/DEBUG] [net.minecraftforge.registries.GameData/REGISTRIES]: Applying holder lookups: minecraft:activity
[07Aug2026 09:14:43.284] [Render thread/DEBUG] [net.minecraftforge.registries.GameData/REGISTRIES]: Holder lookups applied: minecraft:activity
[07Aug2026 09:14:43.284] [Render thread/DEBUG] [net.minecraftforge.registries.GameData/REGISTRIES]: Applying holder lookups: minecraft:loot_pool_entry_type
[07Aug2026 09:14:43.285] [Render thread/DEBUG] [net.minecraftforge.registries.GameData/REGISTRIES]: Holder lookups applied: minecraft:loot_pool_entry_type
[07Aug2026 09:14:43.285] [Render thread/DEBUG] [net.minecraftforge.registries.GameData/REGISTRIES]: Applying holder lookups: minecraft:loot_function_type
[07Aug2026 09:14:43.286] [Render thread/DEBUG] [net.minecraftforge.registries.GameData/REGISTRIES]: Holder lookups applied: minecraft:loot_function_type
[07Aug2026 09:14:43.289] [Render thread/DEBUG] [net.minecraftforge.registries.GameData/REGISTRIES]: Applying holder lookups: minecraft:loot_condition_type
[07Aug2026 09:14:43.290] [Render thread/DEBUG] [net.minecraftforge.registries.GameData/REGISTRIES]: Holder lookups applied: minecraft:loot_condition_type
[07Aug2026 09:14:43.290] [Render thread/DEBUG] [net.minecraftforge.registries.GameData/REGISTRIES]: Applying holder lookups: minecraft:loot_number_provider_type
[07Aug2026 09:14:43.291] [Render thread/DEBUG] [net.minecraftforge.registries.GameData/REGISTRIES]: Holder lookups applied: minecraft:loot_number_provider_type
[07Aug2026 09:14:43.292] [Render thread/DEBUG] [net.minecraftforge.registries.GameData/REGISTRIES]: Applying holder lookups: minecraft:loot_nbt_provider_type
[07Aug2026 09:14:43.292] [Render thread/DEBUG] [net.minecraftforge.registries.GameData/REGISTRIES]: Holder lookups applied: minecraft:loot_nbt_provider_type
[07Aug2026 09:14:43.293] [Render thread/DEBUG] [net.minecraftforge.registries.GameData/REGISTRIES]: Applying holder lookups: minecraft:loot_score_provider_type
[07Aug2026 09:14:43.293] [Render thread/DEBUG] [net.minecraftforge.registries.GameData/REGISTRIES]: Holder lookups applied: minecraft:loot_score_provider_type
[07Aug2026 09:14:43.294] [Render thread/DEBUG] [net.minecraftforge.registries.GameData/REGISTRIES]: Applying holder lookups: minecraft:float_provider_type
[07Aug2026 09:14:43.294] [Render thread/DEBUG] [net.minecraftforge.registries.GameData/REGISTRIES]: Holder lookups applied: minecraft:float_provider_type
[07Aug2026 09:14:43.295] [Render thread/DEBUG] [net.minecraftforge.registries.GameData/REGISTRIES]: Applying holder lookups: minecraft:int_provider_type
[07Aug2026 09:14:43.296] [Render thread/DEBUG] [net.minecraftforge.registries.GameData/REGISTRIES]: Holder lookups applied: minecraft:int_provider_type
[07Aug2026 09:14:43.296] [Render thread/DEBUG] [net.minecraftforge.registries.GameData/REGISTRIES]: Applying holder lookups: minecraft:height_provider_type
[07Aug2026 09:14:43.297] [Render thread/DEBUG] [net.minecraftforge.registries.GameData/REGISTRIES]: Holder lookups applied: minecraft:height_provider_type
[07Aug2026 09:14:43.297] [Render thread/DEBUG] [net.minecraftforge.registries.GameData/REGISTRIES]: Applying holder lookups: minecraft:block_predicate_type
[07Aug2026 09:14:43.298] [Render thread/DEBUG] [net.minecraftforge.registries.GameData/REGISTRIES]: Holder lookups applied: minecraft:block_predicate_type
[07Aug2026 09:14:43.298] [Render thread/DEBUG] [net.minecraftforge.registries.GameData/REGISTRIES]: Applying holder lookups: minecraft:worldgen/carver
[07Aug2026 09:14:43.299] [Render thread/DEBUG] [net.minecraftforge.registries.GameData/REGISTRIES]: Holder lookups applied: minecraft:worldgen/carver
[07Aug2026 09:14:43.300] [Render thread/DEBUG] [net.minecraftforge.registries.GameData/REGISTRIES]: Applying holder lookups: minecraft:worldgen/feature
[07Aug2026 09:14:43.301] [Render thread/DEBUG] [net.minecraftforge.registries.GameData/REGISTRIES]: Holder lookups applied: minecraft:worldgen/feature
[07Aug2026 09:14:43.301] [Render thread/DEBUG] [net.minecraftforge.registries.GameData/REGISTRIES]: Applying holder lookups: minecraft:worldgen/structure_processor
[07Aug2026 09:14:43.302] [Render thread/DEBUG] [net.minecraftforge.registries.GameData/REGISTRIES]: Holder lookups applied: minecraft:worldgen/structure_processor
[07Aug2026 09:14:43.302] [Render thread/DEBUG] [net.minecraftforge.registries.GameData/REGISTRIES]: Applying holder lookups: minecraft:worldgen/structure_placement
[07Aug2026 09:14:43.303] [Render thread/DEBUG] [net.minecraftforge.registries.GameData/REGISTRIES]: Holder lookups applied: minecraft:worldgen/structure_placement
[07Aug2026 09:14:43.303] [Render thread/DEBUG] [net.minecraftforge.registries.GameData/REGISTRIES]: Applying holder lookups: minecraft:worldgen/structure_piece
[07Aug2026 09:14:43.304] [Render thread/DEBUG] [net.minecraftforge.registries.GameData/REGISTRIES]: Holder lookups applied: minecraft:worldgen/structure_piece
[07Aug2026 09:14:43.304] [Render thread/DEBUG] [net.minecraftforge.registries.GameData/REGISTRIES]: Applying holder lookups: minecraft:worldgen/structure_type
[07Aug2026 09:14:43.305] [Render thread/DEBUG] [net.minecraftforge.registries.GameData/REGISTRIES]: Holder lookups applied: minecraft:worldgen/structure_type
[07Aug2026 09:14:43.305] [Render thread/DEBUG] [net.minecraftforge.registries.GameData/REGISTRIES]: Applying holder lookups: minecraft:worldgen/placement_modifier_type
[07Aug2026 09:14:43.306] [Render thread/DEBUG] [net.minecraftforge.registries.GameData/REGISTRIES]: Holder lookups applied: minecraft:worldgen/placement_modifier_type
[07Aug2026 09:14:43.306] [Render thread/DEBUG] [net.minecraftforge.registries.GameData/REGISTRIES]: Applying holder lookups: minecraft:worldgen/block_state_provider_type
[07Aug2026 09:14:43.307] [Render thread/DEBUG] [net.minecraftforge.registries.GameData/REGISTRIES]: Holder lookups applied: minecraft:worldgen/block_state_provider_type
[07Aug2026 09:14:43.307] [Render thread/DEBUG] [net.minecraftforge.registries.GameData/REGISTRIES]: Applying holder lookups: minecraft:worldgen/foliage_placer_type
[07Aug2026 09:14:43.308] [Render thread/DEBUG] [net.minecraftforge.registries.GameData/REGISTRIES]: Holder lookups applied: minecraft:worldgen/foliage_placer_type
[07Aug2026 09:14:43.308] [Render thread/DEBUG] [net.minecraftforge.registries.GameData/REGISTRIES]: Applying holder lookups: minecraft:worldgen/trunk_placer_type
[07Aug2026 09:14:43.309] [Render thread/DEBUG] [net.minecraftforge.registries.GameData/REGISTRIES]: Holder lookups applied: minecraft:worldgen/trunk_placer_type
[07Aug2026 09:14:43.309] [Render thread/DEBUG] [net.minecraftforge.registries.GameData/REGISTRIES]: Applying holder lookups: minecraft:worldgen/root_placer_type
[07Aug2026 09:14:43.310] [Render thread/DEBUG] [net.minecraftforge.registries.GameData/REGISTRIES]: Holder lookups applied: minecraft:worldgen/root_placer_type
[07Aug2026 09:14:43.310] [Render thread/DEBUG] [net.minecraftforge.registries.GameData/REGISTRIES]: Applying holder lookups: minecraft:worldgen/tree_decorator_type
[07Aug2026 09:14:43.311] [Render thread/DEBUG] [net.minecraftforge.registries.GameData/REGISTRIES]: Holder lookups applied: minecraft:worldgen/tree_decorator_type
[07Aug2026 09:14:43.312] [Render thread/DEBUG] [net.minecraftforge.registries.GameData/REGISTRIES]: Applying holder lookups: minecraft:worldgen/feature_size_type
[07Aug2026 09:14:43.313] [Render thread/DEBUG] [net.minecraftforge.registries.GameData/REGISTRIES]: Holder lookups applied: minecraft:worldgen/feature_size_type
[07Aug2026 09:14:43.313] [Render thread/DEBUG] [net.minecraftforge.registries.GameData/REGISTRIES]: Applying holder lookups: minecraft:worldgen/biome_source
[07Aug2026 09:14:43.314] [Render thread/DEBUG] [net.minecraftforge.registries.GameData/REGISTRIES]: Holder lookups applied: minecraft:worldgen/biome_source
[07Aug2026 09:14:43.314] [Render thread/DEBUG] [net.minecraftforge.registries.GameData/REGISTRIES]: Applying holder lookups: minecraft:worldgen/chunk_generator
[07Aug2026 09:14:43.314] [Render thread/DEBUG] [net.minecraftforge.registries.GameData/REGISTRIES]: Holder lookups applied: minecraft:worldgen/chunk_generator
[07Aug2026 09:14:43.315] [Render thread/DEBUG] [net.minecraftforge.registries.GameData/REGISTRIES]: Applying holder lookups: minecraft:worldgen/material_condition
[07Aug2026 09:14:43.315] [Render thread/DEBUG] [net.minecraftforge.registries.GameData/REGISTRIES]: Holder lookups applied: minecraft:worldgen/material_condition
[07Aug2026 09:14:43.315] [Render thread/DEBUG] [net.minecraftforge.registries.GameData/REGISTRIES]: Applying holder lookups: minecraft:worldgen/material_rule
[07Aug2026 09:14:43.316] [Render thread/DEBUG] [net.minecraftforge.registries.GameData/REGISTRIES]: Holder lookups applied: minecraft:worldgen/material_rule
[07Aug2026 09:14:43.316] [Render thread/DEBUG] [net.minecraftforge.registries.GameData/REGISTRIES]: Applying holder lookups: minecraft:worldgen/density_function_type
[07Aug2026 09:14:43.317] [Render thread/DEBUG] [net.minecraftforge.registries.GameData/REGISTRIES]: Holder lookups applied: minecraft:worldgen/density_function_type
[07Aug2026 09:14:43.317] [Render thread/DEBUG] [net.minecraftforge.registries.GameData/REGISTRIES]: Applying holder lookups: minecraft:worldgen/structure_pool_element
[07Aug2026 09:14:43.318] [Render thread/DEBUG] [net.minecraftforge.registries.GameData/REGISTRIES]: Holder lookups applied: minecraft:worldgen/structure_pool_element
[07Aug2026 09:14:43.318] [Render thread/DEBUG] [net.minecraftforge.registries.GameData/REGISTRIES]: Applying holder lookups: minecraft:cat_variant
[07Aug2026 09:14:43.319] [Render thread/DEBUG] [net.minecraftforge.registries.GameData/REGISTRIES]: Holder lookups applied: minecraft:cat_variant
[07Aug2026 09:14:43.319] [Render thread/DEBUG] [net.minecraftforge.registries.GameData/REGISTRIES]: Applying holder lookups: minecraft:frog_variant
[07Aug2026 09:14:43.320] [Render thread/DEBUG] [net.minecraftforge.registries.GameData/REGISTRIES]: Holder lookups applied: minecraft:frog_variant
[07Aug2026 09:14:43.320] [Render thread/DEBUG] [net.minecraftforge.registries.GameData/REGISTRIES]: Applying holder lookups: minecraft:banner_pattern
[07Aug2026 09:14:43.321] [Render thread/DEBUG] [net.minecraftforge.registries.GameData/REGISTRIES]: Holder lookups applied: minecraft:banner_pattern
[07Aug2026 09:14:43.321] [Render thread/DEBUG] [net.minecraftforge.registries.GameData/REGISTRIES]: Applying holder lookups: minecraft:instrument
[07Aug2026 09:14:43.322] [Render thread/DEBUG] [net.minecraftforge.registries.GameData/REGISTRIES]: Holder lookups applied: minecraft:instrument
[07Aug2026 09:14:43.322] [Render thread/DEBUG] [net.minecraftforge.registries.GameData/REGISTRIES]: Applying holder lookups: minecraft:decorated_pot_patterns
[07Aug2026 09:14:43.323] [Render thread/DEBUG] [net.minecraftforge.registries.GameData/REGISTRIES]: Holder lookups applied: minecraft:decorated_pot_patterns
[07Aug2026 09:14:43.323] [Render thread/DEBUG] [net.minecraftforge.registries.GameData/REGISTRIES]: Applying holder lookups: minecraft:creative_mode_tab
[07Aug2026 09:14:43.324] [Render thread/DEBUG] [net.minecraftforge.registries.GameData/REGISTRIES]: Holder lookups applied: minecraft:creative_mode_tab
[07Aug2026 09:14:43.333] [Render thread/DEBUG] [net.minecraftforge.registries.GameData/REGISTRIES]: Applying holder lookups: forge:biome_modifier_serializers
[07Aug2026 09:14:43.334] [Render thread/DEBUG] [net.minecraftforge.registries.GameData/REGISTRIES]: Holder lookups applied: forge:biome_modifier_serializers
[07Aug2026 09:14:43.335] [Render thread/DEBUG] [net.minecraftforge.registries.GameData/REGISTRIES]: Applying holder lookups: forge:display_contexts
[07Aug2026 09:14:43.336] [Render thread/DEBUG] [net.minecraftforge.registries.GameData/REGISTRIES]: Holder lookups applied: forge:display_contexts
[07Aug2026 09:14:43.336] [Render thread/DEBUG] [net.minecraftforge.registries.GameData/REGISTRIES]: Applying holder lookups: forge:entity_data_serializers
[07Aug2026 09:14:43.337] [Render thread/DEBUG] [net.minecraftforge.registries.GameData/REGISTRIES]: Holder lookups applied: forge:entity_data_serializers
[07Aug2026 09:14:43.346] [Render thread/DEBUG] [net.minecraftforge.registries.GameData/REGISTRIES]: Applying holder lookups: forge:fluid_type
[07Aug2026 09:14:43.347] [Render thread/DEBUG] [net.minecraftforge.registries.GameData/REGISTRIES]: Holder lookups applied: forge:fluid_type
[07Aug2026 09:14:43.347] [Render thread/DEBUG] [net.minecraftforge.registries.GameData/REGISTRIES]: Applying holder lookups: forge:global_loot_modifier_serializers
[07Aug2026 09:14:43.348] [Render thread/DEBUG] [net.minecraftforge.registries.GameData/REGISTRIES]: Holder lookups applied: forge:global_loot_modifier_serializers
[07Aug2026 09:14:43.355] [Render thread/DEBUG] [net.minecraftforge.registries.GameData/REGISTRIES]: Applying holder lookups: forge:holder_set_type
[07Aug2026 09:14:43.356] [Render thread/DEBUG] [net.minecraftforge.registries.GameData/REGISTRIES]: Holder lookups applied: forge:holder_set_type
[07Aug2026 09:14:43.357] [Render thread/DEBUG] [net.minecraftforge.registries.GameData/REGISTRIES]: Applying holder lookups: forge:structure_modifier_serializers
[07Aug2026 09:14:43.359] [Render thread/DEBUG] [net.minecraftforge.registries.GameData/REGISTRIES]: Holder lookups applied: forge:structure_modifier_serializers
[07Aug2026 09:14:43.359] [Render thread/DEBUG] [net.minecraftforge.registries.GameData/REGISTRIES]: Applying holder lookups: minecraft:worldgen/biome
[07Aug2026 09:14:43.360] [Render thread/DEBUG] [net.minecraftforge.registries.GameData/REGISTRIES]: Holder lookups applied: minecraft:worldgen/biome
[07Aug2026 09:14:43.494] [Render thread/DEBUG] [net.minecraftforge.client.loading.ClientModLoader/CORE]: Generating PackInfo named mod:immersive_stamina for mod file /mnt/AXDISK_EXT4/MCreatorWorkspaces/immersive_stamina/build/classes/java/main
[07Aug2026 09:14:43.495] [Render thread/DEBUG] [net.minecraftforge.client.loading.ClientModLoader/CORE]: Generating PackInfo named mod:forge for mod file /
[07Aug2026 09:14:43.966] [Render thread/INFO] [net.minecraftforge.gametest.ForgeGameTestHooks/]: Enabled Gametest Namespaces: []
[07Aug2026 09:14:44.079] [Render thread/ERROR] [com.mojang.text2speech.Narrator/]: Error while loading the narrator
com.mojang.text2speech.Narrator$InitializeException: Failed to load library flite
	at com.mojang.text2speech.NarratorLinux$FliteLibrary.loadNative(NarratorLinux.java:69) ~[text2speech-1.17.9.jar:?]
	at com.mojang.text2speech.NarratorLinux.<init>(NarratorLinux.java:18) ~[text2speech-1.17.9.jar:?]
	at com.mojang.text2speech.Narrator.getNarrator(Narrator.java:41) ~[text2speech-1.17.9.jar:?]
	at net.minecraft.client.GameNarrator.<init>(GameNarrator.java:21) ~[forge-1.20.1-47.4.22.jar:?]
	at net.minecraft.client.Minecraft.<init>(Minecraft.java:553) ~[forge-1.20.1-47.4.22.jar:?]
	at net.minecraft.client.main.Main.main(Main.java:182) ~[forge-1.20.1-47.4.22.jar:?]
	at jdk.internal.reflect.NativeMethodAccessorImpl.invoke0(Native Method) ~[?:?]
	at jdk.internal.reflect.NativeMethodAccessorImpl.invoke(NativeMethodAccessorImpl.java:77) ~[?:?]
	at jdk.internal.reflect.DelegatingMethodAccessorImpl.invoke(DelegatingMethodAccessorImpl.java:43) ~[?:?]
	at java.lang.reflect.Method.invoke(Method.java:569) ~[?:?]
	at net.minecraftforge.fml.loading.targets.CommonLaunchHandler.runTarget(CommonLaunchHandler.java:111) ~[fmlloader-1.20.1-47.4.22.jar:?]
	at net.minecraftforge.fml.loading.targets.CommonLaunchHandler.clientService(CommonLaunchHandler.java:99) ~[fmlloader-1.20.1-47.4.22.jar:?]
	at net.minecraftforge.fml.loading.targets.ForgeClientUserdevLaunchHandler.devService(ForgeClientUserdevLaunchHandler.java:19) ~[fmlloader-1.20.1-47.4.22.jar:?]
	at net.minecraftforge.fml.loading.targets.CommonDevLaunchHandler.lambda$makeService$7(CommonDevLaunchHandler.java:135) ~[fmlloader-1.20.1-47.4.22.jar:?]
	at cpw.mods.modlauncher.LaunchServiceHandlerDecorator.launch(LaunchServiceHandlerDecorator.java:30) ~[modlauncher-10.0.9.jar:?]
	at cpw.mods.modlauncher.LaunchServiceHandler.launch(LaunchServiceHandler.java:53) ~[modlauncher-10.0.9.jar:?]
	at cpw.mods.modlauncher.LaunchServiceHandler.launch(LaunchServiceHandler.java:71) ~[modlauncher-10.0.9.jar:?]
	at cpw.mods.modlauncher.Launcher.run(Launcher.java:108) ~[modlauncher-10.0.9.jar:?]
	at cpw.mods.modlauncher.Launcher.main(Launcher.java:78) ~[modlauncher-10.0.9.jar:?]
	at cpw.mods.modlauncher.BootstrapLaunchConsumer.accept(BootstrapLaunchConsumer.java:26) ~[modlauncher-10.0.9.jar:?]
	at cpw.mods.modlauncher.BootstrapLaunchConsumer.accept(BootstrapLaunchConsumer.java:23) ~[modlauncher-10.0.9.jar:?]
	at cpw.mods.bootstraplauncher.BootstrapLauncher.main(BootstrapLauncher.java:141) ~[bootstraplauncher-1.1.2.jar:?]
	at jdk.internal.reflect.NativeMethodAccessorImpl.invoke0(Native Method) ~[?:?]
	at jdk.internal.reflect.NativeMethodAccessorImpl.invoke(NativeMethodAccessorImpl.java:77) ~[?:?]
	at jdk.internal.reflect.DelegatingMethodAccessorImpl.invoke(DelegatingMethodAccessorImpl.java:43) ~[?:?]
	at java.lang.reflect.Method.invoke(Method.java:569) ~[?:?]
	at net.neoforged.devlaunch.Main.main(Main.java:57) ~[?:?]
Caused by: java.lang.UnsatisfiedLinkError: Unable to load library 'flite':
libflite.so: невозможно открыть разделяемый объектный файл: Нет такого файла или каталога
libflite.so: невозможно открыть разделяемый объектный файл: Нет такого файла или каталога
Native library (linux-x86-64/libflite.so) not found in resource path (/mnt/AXDISK_EXT4/MCreatorWorkspaces/immersive_stamina/build/classes/java/main:/mnt/AXDISK_EXT4/MCreatorWorkspaces/immersive_stamina/build/resources/main:/mnt/AXDISK_EXT4/MCreatorWorkspaces/immersive_stamina/build/moddev/artifacts/forge-1.20.1-47.4.22.jar:/mnt/AXDISK_EXT4/MCreatorWorkspaces/immersive_stamina/build/moddev/artifacts/client-extra-1.20.1-47.4.22.jar:/mnt/AXDISK_EXT4/MCreatorWorkspaces/immersive_stamina/build/moddev/artifacts/intermediateToNamed.zip:/home/kerilom/.mcreator/gradle/caches/modules-2/files-2.1/net.neoforged/DevLaunch/1.0.2/2e0e9a67793d5bfdedee4f9ea00934dbf3f2e22d/DevLaunch-1.0.2.jar:/home/kerilom/.mcreator/gradle/caches/modules-2/files-2.1/io.github.llamalad7/mixinextras-forge/0.5.0/cebe4d98a42a4a32ebf0ddec7b93d5bdbdad009/mixinextras-forge-0.5.0.jar:/home/kerilom/.mcreator/gradle/caches/modules-2/files-2.1/cpw.mods/bootstraplauncher/1.1.2/c546e00443d8432cda6baa1c860346980742628/bootstraplauncher-1.1.2.jar:/home/kerilom/.mcreator/gradle/caches/modules-2/files-2.1/net.minecraftforge/fmlearlydisplay/1.20.1-47.4.22/90407eed9ce435424cd98544f47f44b00d9c9c09/fmlearlydisplay-1.20.1-47.4.22.jar:/home/kerilom/.mcreator/gradle/caches/modules-2/files-2.1/net.minecraftforge/javafmllanguage/1.20.1-47.4.22/c3fe3323c9f8651aff7b34a665730c312b9e203f/javafmllanguage-1.20.1-47.4.22.jar:/home/kerilom/.mcreator/gradle/caches/modules-2/files-2.1/net.minecraftforge/lowcodelanguage/1.20.1-47.4.22/c719255918fe74052292279a1242a26fbe92452a/lowcodelanguage-1.20.1-47.4.22.jar:/home/kerilom/.mcreator/gradle/caches/modules-2/files-2.1/net.minecraftforge/mclanguage/1.20.1-47.4.22/78b273bf6a3b42e430cd60ca1636656ae5993d6c/mclanguage-1.20.1-47.4.22.jar:/home/kerilom/.mcreator/gradle/caches/modules-2/files-2.1/net.minecraftforge/fmlcore/1.20.1-47.4.22/1367fc72fd188372dd79e824c611e248dcd000e/fmlcore-1.20.1-47.4.22.jar:/home/kerilom/.mcreator/gradle/caches/modules-2/files-2.1/net.minecraftforge/fmlloader/1.20.1-47.4.22/ce9a2a24e7b3039263e3702374b50dfcf2171c6a/fmlloader-1.20.1-47.4.22.jar:/home/kerilom/.mcreator/gradle/caches/modules-2/files-2.1/net.minecraftforge/forgespi/7.0.1/3b4972a0cdb135853dba219be61a79b22cff1309/forgespi-7.0.1.jar:/home/kerilom/.mcreator/gradle/caches/modules-2/files-2.1/net.minecraftforge/accesstransformers/8.0.4/272d240aa73f42195b2a68e2ebd8b701ecf41f63/accesstransformers-8.0.4.jar:/home/kerilom/.mcreator/gradle/caches/modules-2/files-2.1/cpw.mods/modlauncher/10.0.9/6d9443f56f50bb85cea383686ff9c867391458b/modlauncher-10.0.9.jar:/home/kerilom/.mcreator/gradle/caches/modules-2/files-2.1/cpw.mods/securejarhandler/2.1.10/51e6a22c6c716beb11e244bf5b8be480f51dd6b5/securejarhandler-2.1.10.jar:/home/kerilom/.mcreator/gradle/caches/modules-2/files-2.1/net.minecraftforge/eventbus/6.2.33/3fae69cfa9c5095bcc25c0a8a3ed9b26c156f922/eventbus-6.2.33.jar:/home/kerilom/.mcreator/gradle/caches/modules-2/files-2.1/net.minecraftforge/coremods/5.2.4/e30bab269d896613e38396274711410b3a0e4b87/coremods-5.2.4.jar:/home/kerilom/.mcreator/gradle/caches/modules-2/files-2.1/org.openjdk.nashorn/nashorn-core/15.4/f67f5ffaa5f5130cf6fb9b133da00c7df3b532a5/nashorn-core-15.4.jar:/home/kerilom/.mcreator/gradle/caches/modules-2/files-2.1/org.ow2.asm/asm-commons/9.9.1/ab35de4c537184a09339069f1a3b3aacf2289149/asm-commons-9.9.1.jar:/home/kerilom/.mcreator/gradle/caches/modules-2/files-2.1/net.minecraftforge/mergetool/1.1.5/e31dad26696043b540681aabc93e2001a1a2cd44/mergetool-1.1.5.jar:/home/kerilom/.mcreator/gradle/caches/modules-2/files-2.1/net.minecraftforge/mergetool/1.1.5/f3da18e12c696d35a47c82cbb2cc8b5aa15e1154/mergetool-1.1.5-api.jar:/home/kerilom/.mcreator/gradle/caches/modules-2/files-2.1/org.ow2.asm/asm-util/9.9.1/e51f5b0ae0b0c1960687ae970a2a3434d39d8abb/asm-util-9.9.1.jar:/home/kerilom/.mcreator/gradle/caches/modules-2/files-2.1/org.ow2.asm/asm-analysis/9.9.1/1ab8d9316ef7a67240087919a708246c37ed1660/asm-analysis-9.9.1.jar:/home/kerilom/.mcreator/gradle/caches/modules-2/files-2.1/org.ow2.asm/asm-tree/9.9.1/b6b1b3366296163b4b1f540731aad0a2baa484d8/asm-tree-9.9.1.jar:/home/kerilom/.mcreator/gradle/caches/modules-2/files-2.1/org.ow2.asm/asm/9.9.1/2ceea6ab43bcae1979b2a6d85fc0ca429877e5ab/asm-9.9.1.jar:/home/kerilom/.mcreator/gradle/caches/modules-2/files-2.1/net.minecraftforge/JarJarFileSystems/0.3.19/2464eb7d6b9ddb9db36a82cf8a95193e5c6fe020/JarJarFileSystems-0.3.19.jar:/home/kerilom/.mcreator/gradle/caches/modules-2/files-2.1/org.antlr/antlr4/4.9.1/e92af8ab33e428461927b484e90bb155a4f3a052/antlr4-4.9.1.jar:/home/kerilom/.mcreator/gradle/caches/modules-2/files-2.1/org.antlr/antlr4-runtime/4.9.1/428664f05d2b7f7b7610204b5aa7c1763f62011a/antlr4-runtime-4.9.1.jar:/home/kerilom/.mcreator/gradle/caches/modules-2/files-2.1/net.minecraftforge/unsafe/0.2.0/54d7a0a5e8fdb71b973025caa46f341ae5904f39/unsafe-0.2.0.jar:/home/kerilom/.mcreator/gradle/caches/modules-2/files-2.1/com.electronwill.night-config/toml/3.6.4/51d6cefb2b55ee55ee26b16391212fb2c7dfb4f4/toml-3.6.4.jar:/home/kerilom/.mcreator/gradle/caches/modules-2/files-2.1/com.electronwill.night-config/core/3.6.4/510f174abbf1c947494db50ef2445683bd52c230/core-3.6.4.jar:/home/kerilom/.mcreator/gradle/caches/modules-2/files-2.1/net.minecraftforge/JarJarSelector/0.3.19/376cc9c8ea60720cf027c01fc033de915699801c/JarJarSelector-0.3.19.jar:/home/kerilom/.mcreator/gradle/caches/modules-2/files-2.1/net.minecraftforge/JarJarMetadata/0.3.19/83feaa9b770e6ac0e96ee4fc23fa89325c5fe2/JarJarMetadata-0.3.19.jar:/home/kerilom/.mcreator/gradle/caches/modules-2/files-2.1/org.apache.maven/maven-artifact/3.8.5/4433f50c07debefaed0553bd0068f4f48d449313/maven-artifact-3.8.5.jar:/home/kerilom/.mcreator/gradle/caches/modules-2/files-2.1/net.jodah/typetools/0.6.3/a01aaa6ddaea9ec07ec4f209487b7a46a526283a/typetools-0.6.3.jar:/home/kerilom/.mcreator/gradle/caches/modules-2/files-2.1/net.minecrell/terminalconsoleappender/1.2.0/96d02cd3b384ff015a8fef4223bcb4ccf1717c95/terminalconsoleappender-1.2.0.jar:/home/kerilom/.mcreator/gradle/caches/modules-2/files-2.1/org.jline/jline-reader/3.12.1/4382ab1382c7b6f379377ed5f665dc2f6e1218bc/jline-reader-3.12.1.jar:/home/kerilom/.mcreator/gradle/caches/modules-2/files-2.1/org.jline/jline-terminal/3.12.1/c777448314e050d980a6b697c140f3bfe9eb7416/jline-terminal-3.12.1.jar:/home/kerilom/.mcreator/gradle/caches/modules-2/files-2.1/org.spongepowered/mixin/0.8.5/9d1c0c3a304ae6697ecd477218fa61b850bf57fc/mixin-0.8.5.jar:/home/kerilom/.mcreator/gradle/caches/modules-2/files-2.1/com.github.oshi/oshi-core/6.2.2/54f5efc19bca95d709d9a37d19ffcbba3d21c1a6/oshi-core-6.2.2.jar:/home/kerilom/.mcreator/gradle/caches/modules-2/files-2.1/com.google.code.gson/gson/2.10/dd9b193aef96e973d5a11ab13cd17430c2e4306b/gson-2.10.jar:/home/kerilom/.mcreator/gradle/caches/modules-2/files-2.1/com.google.guava/guava/31.1-jre/60458f877d055d0c9114d9e1a2efb737b4bc282c/guava-31.1-jre.jar:/home/kerilom/.mcreator/gradle/caches/modules-2/files-2.1/com.google.guava/failureaccess/1.0.1/1dcf1de382a0bf95a3d8b0849546c88bac1292c9/failureaccess-1.0.1.jar:/home/kerilom/.mcreator/gradle/caches/modules-2/files-2.1/com.ibm.icu/icu4j/61.1/28d33b5e44e72edcc66a5da7a34a42147f38d987/icu4j-61.1.jar:/home/kerilom/.mcreator/gradle/caches/modules-2/files-2.1/com.mojang/authlib/4.0.43/2ff9d747a77570a07a60d32ac77eb6162ad2a2d9/authlib-4.0.43.jar:/home/kerilom/.mcreator/gradle/caches/modules-2/files-2.1/com.mojang/blocklist/1.0.10/5c685c5ffa94c4cd39496c7184c1d122e515ecef/blocklist-1.0.10.jar:/home/kerilom/.mcreator/gradle/caches/modules-2/files-2.1/com.mojang/brigadier/1.1.8/5244ce82c3337bba4a196a3ce858bfaecc74404a/brigadier-1.1.8.jar:/home/kerilom/.mcreator/gradle/caches/modules-2/files-2.1/com.mojang/datafixerupper/6.0.8/3ba4a30557a9b057760af4011f909ba619fc5125/datafixerupper-6.0.8.jar:/home/kerilom/.mcreator/gradle/caches/modules-2/files-2.1/com.mojang/logging/1.1.1/832b8e6674a9b325a5175a3a6267dfaf34c85139/logging-1.1.1.jar:/home/kerilom/.mcreator/gradle/caches/modules-2/files-2.1/com.mojang/patchy/2.2.10/da05971b07cbb379d002cf7eaec6a2048211fefc/patchy-2.2.10.jar:/home/kerilom/.mcreator/gradle/caches/modules-2/files-2.1/com.mojang/text2speech/1.17.9/3cad216e3a7f0c19b4b394388bc9ffc446f13b14/text2speech-1.17.9.jar:/home/kerilom/.mcreator/gradle/caches/modules-2/files-2.1/commons-codec/commons-codec/1.15/49d94806b6e3dc933dacbd8acb0fdbab8ebd1e5d/commons-codec-1.15.jar:/home/kerilom/.mcreator/gradle/caches/modules-2/files-2.1/commons-io/commons-io/2.11.0/a2503f302b11ebde7ebc3df41daebe0e4eea3689/commons-io-2.11.0.jar:/home/kerilom/.mcreator/gradle/caches/modules-2/files-2.1/commons-logging/commons-logging/1.2/4bfc12adfe4842bf07b657f0369c4cb522955686/commons-logging-1.2.jar:/home/kerilom/.mcreator/gradle/caches/modules-2/files-2.1/io.netty/netty-buffer/4.1.82.Final/a544270cf1ae8b8077082f5036436a9a9971ea71/netty-buffer-4.1.82.Final.jar:/home/kerilom/.mcreator/gradle/caches/modules-2/files-2.1/io.netty/netty-codec/4.1.82.Final/b77200379acb345a9ffdece1c605e591ac3e4e0a/netty-codec-4.1.82.Final.jar:/home/kerilom/.mcreator/gradle/caches/modules-2/files-2.1/io.netty/netty-common/4.1.82.Final/22d148e85c3f5ebdacc0ce1f5aabb1d420f73f3/netty-common-4.1.82.Final.jar:/home/kerilom/.mcreator/gradle/caches/modules-2/files-2.1/io.netty/netty-handler/4.1.82.Final/644041d1fa96a5d3130a29e8978630d716d76e38/netty-handler-4.1.82.Final.jar:/home/kerilom/.mcreator/gradle/caches/modules-2/files-2.1/io.netty/netty-resolver/4.1.82.Final/38f665ae8dcd29032eea31245ba7806bed2e0fa8/netty-resolver-4.1.82.Final.jar:/home/kerilom/.mcreator/gradle/caches/modules-2/files-2.1/io.netty/netty-transport-classes-epoll/4.1.82.Final/e7c7dd18deac93105797f30057c912651ea76521/netty-transport-classes-epoll-4.1.82.Final.jar:/home/kerilom/.mcreator/gradle/caches/modules-2/files-2.1/io.netty/netty-transport-native-unix-common/4.1.82.Final/3e895b35ca1b8a0eca56cacff4c2dde5d2c6abce/netty-transport-native-unix-common-4.1.82.Final.jar:/home/kerilom/.mcreator/gradle/caches/modules-2/files-2.1/io.netty/netty-transport/4.1.82.Final/e431a218d91acb6476ccad5f5aafde50aa3945ca/netty-transport-4.1.82.Final.jar:/home/kerilom/.mcreator/gradle/caches/modules-2/files-2.1/it.unimi.dsi/fastutil/8.5.9/bb7ea75ecdb216654237830b3a96d87ad91f8cc5/fastutil-8.5.9.jar:/home/kerilom/.mcreator/gradle/caches/modules-2/files-2.1/net.java.dev.jna/jna-platform/5.12.1/97406a297c852f4a41e688a176ec675f72e8329/jna-platform-5.12.1.jar:/home/kerilom/.mcreator/gradle/caches/modules-2/files-2.1/net.java.dev.jna/jna/5.12.1/b1e93a735caea94f503e95e6fe79bf9cdc1e985d/jna-5.12.1.jar:/home/kerilom/.mcreator/gradle/caches/modules-2/files-2.1/net.sf.jopt-simple/jopt-simple/5.0.4/4fdac2fbe92dfad86aa6e9301736f6b4342a3f5c/jopt-simple-5.0.4.jar:/home/kerilom/.mcreator/gradle/caches/modules-2/files-2.1/org.apache.commons/commons-compress/1.21/4ec95b60d4e86b5c95a0e919cb172a0af98011ef/commons-compress-1.21.jar:/home/kerilom/.mcreator/gradle/caches/modules-2/files-2.1/org.apache.commons/commons-lang3/3.12.0/c6842c86792ff03b9f1d1fe2aab8dc23aa6c6f0e/commons-lang3-3.12.0.jar:/home/kerilom/.mcreator/gradle/caches/modules-2/files-2.1/org.apache.httpcomponents/httpclient/4.5.13/e5f6cae5ca7ecaac1ec2827a9e2d65ae2869cada/httpclient-4.5.13.jar:/home/kerilom/.mcreator/gradle/caches/modules-2/files-2.1/org.apache.httpcomponents/httpcore/4.4.15/7f2e0c573eaa7a74bac2e89b359e1f73d92a0a1d/httpcore-4.4.15.jar:/home/kerilom/.mcreator/gradle/caches/modules-2/files-2.1/org.apache.logging.log4j/log4j-core/2.19.0/3b6eeb4de4c49c0fe38a4ee27188ff5fee44d0bb/log4j-core-2.19.0.jar:/home/kerilom/.mcreator/gradle/caches/modules-2/files-2.1/org.apache.logging.log4j/log4j-slf4j2-impl/2.19.0/5c04bfdd63ce9dceb2e284b81e96b6a70010ee10/log4j-slf4j2-impl-2.19.0.jar:/home/kerilom/.mcreator/gradle/caches/modules-2/files-2.1/org.apache.logging.log4j/log4j-api/2.19.0/ea1b37f38c327596b216542bc636cfdc0b8036fa/log4j-api-2.19.0.jar:/home/kerilom/.mcreator/gradle/caches/modules-2/files-2.1/org.joml/joml/1.10.5/22566d58af70ad3d72308bab63b8339906deb649/joml-1.10.5.jar:/home/kerilom/.mcreator/gradle/caches/modules-2/files-2.1/org.lwjgl/lwjgl-glfw/3.3.1/cbac1b8d30cb4795149c1ef540f912671a8616d0/lwjgl-glfw-3.3.1.jar:/home/kerilom/.mcreator/gradle/caches/modules-2/files-2.1/org.lwjgl/lwjgl-glfw/3.3.1/81716978214ecbda15050ca394b06ef61501a49e/lwjgl-glfw-3.3.1-natives-linux.jar:/home/kerilom/.mcreator/gradle/caches/modules-2/files-2.1/org.lwjgl/lwjgl-jemalloc/3.3.1/a817bcf213db49f710603677457567c37d53e103/lwjgl-jemalloc-3.3.1.jar:/home/kerilom/.mcreator/gradle/caches/modules-2/files-2.1/org.lwjgl/lwjgl-jemalloc/3.3.1/33dbb017b6ed6b25f993ad9d56741a49e7937718/lwjgl-jemalloc-3.3.1-natives-linux.jar:/home/kerilom/.mcreator/gradle/caches/modules-2/files-2.1/org.lwjgl/lwjgl-openal/3.3.1/2623a6b8ae1dfcd880738656a9f0243d2e6840bd/lwjgl-openal-3.3.1.jar:/home/kerilom/.mcreator/gradle/caches/modules-2/files-2.1/org.lwjgl/lwjgl-openal/3.3.1/f906b6439f6daa66001182ea7727e3467a93681b/lwjgl-openal-3.3.1-natives-linux.jar:/home/kerilom/.mcreator/gradle/caches/modules-2/files-2.1/org.lwjgl/lwjgl-opengl/3.3.1/831a5533a21a5f4f81bbc51bb13e9899319b5411/lwjgl-opengl-3.3.1.jar:/home/kerilom/.mcreator/gradle/caches/modules-2/files-2.1/org.lwjgl/lwjgl-opengl/3.3.1/ab9ab6fde3743e3550fa5d46d785ecb45b047d99/lwjgl-opengl-3.3.1-natives-linux.jar:/home/kerilom/.mcreator/gradle/caches/modules-2/files-2.1/org.lwjgl/lwjgl-stb/3.3.1/b119297cf8ed01f247abe8685857f8e7fcf5980f/lwjgl-stb-3.3.1.jar:/home/kerilom/.mcreator/gradle/caches/modules-2/files-2.1/org.lwjgl/lwjgl-stb/3.3.1/3ee7aec8686e52867677110415566a5342a80230/lwjgl-stb-3.3.1-natives-linux.jar:/home/kerilom/.mcreator/gradle/caches/modules-2/files-2.1/org.lwjgl/lwjgl-tinyfd/3.3.1/ff1914111ef2e3e0110ef2dabc8d8cdaad82347/lwjgl-tinyfd-3.3.1.jar:/home/kerilom/.mcreator/gradle/caches/modules-2/files-2.1/org.lwjgl/lwjgl-tinyfd/3.3.1/a35110b9471bea8cde826ab297550ee8c22f5035/lwjgl-tinyfd-3.3.1-natives-linux.jar:/home/kerilom/.mcreator/gradle/caches/modules-2/files-2.1/org.lwjgl/lwjgl/3.3.1/ae58664f88e18a9bb2c77b063833ca7aaec484cb/lwjgl-3.3.1.jar:/home/kerilom/.mcreator/gradle/caches/modules-2/files-2.1/org.lwjgl/lwjgl/3.3.1/1de885aba434f934201b99f2f1afb142036ac189/lwjgl-3.3.1-natives-linux.jar:/home/kerilom/.mcreator/gradle/caches/modules-2/files-2.1/com.machinezoo.noexception/noexception/1.7.1/b65330c98e38a1f915fa54a6e5eca496505e3f0a/noexception-1.7.1.jar:/home/kerilom/.mcreator/gradle/caches/modules-2/files-2.1/org.slf4j/slf4j-simple/1.7.30/e606eac955f55ecf1d8edcccba04eb8ac98088dd/slf4j-simple-1.7.30.jar:/home/kerilom/.mcreator/gradle/caches/modules-2/files-2.1/org.slf4j/slf4j-api/2.0.0/82b150a36b504a09076b29c0509e31702c9c3999/slf4j-api-2.0.0.jar:/home/kerilom/.mcreator/gradle/caches/modules-2/files-2.1/net.minecraftforge/srgutils/0.4.11/fbad1341ffdb47d276bbdc40ecb06da49e053e74/srgutils-0.4.11.jar:/home/kerilom/.mcreator/gradle/caches/modules-2/files-2.1/org.codehaus.plexus/plexus-utils/3.3.0/cf43b5391de623b36fe066a21127baef82c64022/plexus-utils-3.3.0.jar:/home/kerilom/.mcreator/gradle/caches/modules-2/files-2.1/com.google.guava/listenablefuture/9999.0-empty-to-avoid-conflict-with-guava/b421526c5f297295adef1c886e5246c39d4ac629/listenablefuture-9999.0-empty-to-avoid-conflict-with-guava.jar:/home/kerilom/.mcreator/gradle/caches/modules-2/files-2.1/com.google.code.findbugs/jsr305/3.0.2/25ea2e8b0c338a877313bd4672d3fe056ea78f0d/jsr305-3.0.2.jar:/home/kerilom/.mcreator/gradle/caches/modules-2/files-2.1/org.checkerframework/checker-qual/3.12.0/d5692f0526415fcc6de94bb5bfbd3afd9dd3b3e5/checker-qual-3.12.0.jar:/home/kerilom/.mcreator/gradle/caches/modules-2/files-2.1/com.google.errorprone/error_prone_annotations/2.11.0/c5a0ace696d3f8b1c1d8cc036d8c03cc0cbe6b69/error_prone_annotations-2.11.0.jar:/home/kerilom/.mcreator/gradle/caches/modules-2/files-2.1/com.google.j2objc/j2objc-annotations/1.3/ba035118bc8bac37d7eff77700720999acd9986d/j2objc-annotations-1.3.jar:/home/kerilom/.mcreator/gradle/caches/modules-2/files-2.1/io.netty/netty-transport-native-epoll/4.1.82.Final/476409d6255001ca53a55f65b01c13822f8dc93a/netty-transport-native-epoll-4.1.82.Final-linux-aarch_64.jar:/home/kerilom/.mcreator/gradle/caches/modules-2/files-2.1/io.netty/netty-transport-native-epoll/4.1.82.Final/c7350a71920f3ae9142945e25fed4846cce53374/netty-transport-native-epoll-4.1.82.Final-linux-x86_64.jar:/home/kerilom/.mcreator/gradle/caches/modules-2/files-2.1/org.antlr/ST4/4.3/92f2c1ad8d84abcbeead6cf7f2c53a04166293c2/ST4-4.3.jar:/home/kerilom/.mcreator/gradle/caches/modules-2/files-2.1/org.antlr/antlr-runtime/3.5.2/cd9cd41361c155f3af0f653009dcecb08d8b4afd/antlr-runtime-3.5.2.jar:/home/kerilom/.mcreator/gradle/caches/modules-2/files-2.1/org.abego.treelayout/org.abego.treelayout.core/1.0.3/457216e8e6578099ae63667bb1e4439235892028/org.abego.treelayout.core-1.0.3.jar:/home/kerilom/.mcreator/gradle/caches/modules-2/files-2.1/org.glassfish/javax.json/1.0.4/3178f73569fd7a1e5ffc464e680f7a8cc784b85a/javax.json-1.0.4.jar)
	at com.sun.jna.NativeLibrary.loadLibrary(NativeLibrary.java:307) ~[jna-5.12.1.jar:5.12.1 (b0)]
	at com.sun.jna.NativeLibrary.getInstance(NativeLibrary.java:467) ~[jna-5.12.1.jar:5.12.1 (b0)]
	at com.sun.jna.NativeLibrary.getInstance(NativeLibrary.java:409) ~[jna-5.12.1.jar:5.12.1 (b0)]
	at com.mojang.text2speech.NarratorLinux$FliteLibrary.loadNative(NarratorLinux.java:67) ~[text2speech-1.17.9.jar:?]
	... 26 more
	Suppressed: java.lang.UnsatisfiedLinkError: libflite.so: невозможно открыть разделяемый объектный файл: Нет такого файла или каталога
		at com.sun.jna.Native.open(Native Method) ~[jna-5.12.1.jar:5.12.1 (b0)]
		at com.sun.jna.NativeLibrary.loadLibrary(NativeLibrary.java:197) ~[jna-5.12.1.jar:5.12.1 (b0)]
		at com.sun.jna.NativeLibrary.getInstance(NativeLibrary.java:467) ~[jna-5.12.1.jar:5.12.1 (b0)]
		at com.sun.jna.NativeLibrary.getInstance(NativeLibrary.java:409) ~[jna-5.12.1.jar:5.12.1 (b0)]
		at com.mojang.text2speech.NarratorLinux$FliteLibrary.loadNative(NarratorLinux.java:67) ~[text2speech-1.17.9.jar:?]
		at com.mojang.text2speech.NarratorLinux.<init>(NarratorLinux.java:18) ~[text2speech-1.17.9.jar:?]
		at com.mojang.text2speech.Narrator.getNarrator(Narrator.java:41) ~[text2speech-1.17.9.jar:?]
		at net.minecraft.client.GameNarrator.<init>(GameNarrator.java:21) ~[forge-1.20.1-47.4.22.jar:?]
		at net.minecraft.client.Minecraft.<init>(Minecraft.java:553) ~[forge-1.20.1-47.4.22.jar:?]
		at net.minecraft.client.main.Main.main(Main.java:182) ~[forge-1.20.1-47.4.22.jar:?]
		at jdk.internal.reflect.NativeMethodAccessorImpl.invoke0(Native Method) ~[?:?]
		at jdk.internal.reflect.NativeMethodAccessorImpl.invoke(NativeMethodAccessorImpl.java:77) ~[?:?]
		at jdk.internal.reflect.DelegatingMethodAccessorImpl.invoke(DelegatingMethodAccessorImpl.java:43) ~[?:?]
		at java.lang.reflect.Method.invoke(Method.java:569) ~[?:?]
		at net.minecraftforge.fml.loading.targets.CommonLaunchHandler.runTarget(CommonLaunchHandler.java:111) ~[fmlloader-1.20.1-47.4.22.jar:?]
		at net.minecraftforge.fml.loading.targets.CommonLaunchHandler.clientService(CommonLaunchHandler.java:99) ~[fmlloader-1.20.1-47.4.22.jar:?]
		at net.minecraftforge.fml.loading.targets.ForgeClientUserdevLaunchHandler.devService(ForgeClientUserdevLaunchHandler.java:19) ~[fmlloader-1.20.1-47.4.22.jar:?]
		at net.minecraftforge.fml.loading.targets.CommonDevLaunchHandler.lambda$makeService$7(CommonDevLaunchHandler.java:135) ~[fmlloader-1.20.1-47.4.22.jar:?]
		at cpw.mods.modlauncher.LaunchServiceHandlerDecorator.launch(LaunchServiceHandlerDecorator.java:30) ~[modlauncher-10.0.9.jar:?]
		at cpw.mods.modlauncher.LaunchServiceHandler.launch(LaunchServiceHandler.java:53) ~[modlauncher-10.0.9.jar:?]
		at cpw.mods.modlauncher.LaunchServiceHandler.launch(LaunchServiceHandler.java:71) ~[modlauncher-10.0.9.jar:?]
		at cpw.mods.modlauncher.Launcher.run(Launcher.java:108) ~[modlauncher-10.0.9.jar:?]
		at cpw.mods.modlauncher.Launcher.main(Launcher.java:78) ~[modlauncher-10.0.9.jar:?]
		at cpw.mods.modlauncher.BootstrapLaunchConsumer.accept(BootstrapLaunchConsumer.java:26) ~[modlauncher-10.0.9.jar:?]
		at cpw.mods.modlauncher.BootstrapLaunchConsumer.accept(BootstrapLaunchConsumer.java:23) ~[modlauncher-10.0.9.jar:?]
		at cpw.mods.bootstraplauncher.BootstrapLauncher.main(BootstrapLauncher.java:141) ~[bootstraplauncher-1.1.2.jar:?]
		at jdk.internal.reflect.NativeMethodAccessorImpl.invoke0(Native Method) ~[?:?]
		at jdk.internal.reflect.NativeMethodAccessorImpl.invoke(NativeMethodAccessorImpl.java:77) ~[?:?]
		at jdk.internal.reflect.DelegatingMethodAccessorImpl.invoke(DelegatingMethodAccessorImpl.java:43) ~[?:?]
		at java.lang.reflect.Method.invoke(Method.java:569) ~[?:?]
		at net.neoforged.devlaunch.Main.main(Main.java:57) ~[?:?]
	Suppressed: java.lang.UnsatisfiedLinkError: libflite.so: невозможно открыть разделяемый объектный файл: Нет такого файла или каталога
		at com.sun.jna.Native.open(Native Method) ~[jna-5.12.1.jar:5.12.1 (b0)]
		at com.sun.jna.NativeLibrary.loadLibrary(NativeLibrary.java:210) ~[jna-5.12.1.jar:5.12.1 (b0)]
		at com.sun.jna.NativeLibrary.getInstance(NativeLibrary.java:467) ~[jna-5.12.1.jar:5.12.1 (b0)]
		at com.sun.jna.NativeLibrary.getInstance(NativeLibrary.java:409) ~[jna-5.12.1.jar:5.12.1 (b0)]
		at com.mojang.text2speech.NarratorLinux$FliteLibrary.loadNative(NarratorLinux.java:67) ~[text2speech-1.17.9.jar:?]
		at com.mojang.text2speech.NarratorLinux.<init>(NarratorLinux.java:18) ~[text2speech-1.17.9.jar:?]
		at com.mojang.text2speech.Narrator.getNarrator(Narrator.java:41) ~[text2speech-1.17.9.jar:?]
		at net.minecraft.client.GameNarrator.<init>(GameNarrator.java:21) ~[forge-1.20.1-47.4.22.jar:?]
		at net.minecraft.client.Minecraft.<init>(Minecraft.java:553) ~[forge-1.20.1-47.4.22.jar:?]
		at net.minecraft.client.main.Main.main(Main.java:182) ~[forge-1.20.1-47.4.22.jar:?]
		at jdk.internal.reflect.NativeMethodAccessorImpl.invoke0(Native Method) ~[?:?]
		at jdk.internal.reflect.NativeMethodAccessorImpl.invoke(NativeMethodAccessorImpl.java:77) ~[?:?]
		at jdk.internal.reflect.DelegatingMethodAccessorImpl.invoke(DelegatingMethodAccessorImpl.java:43) ~[?:?]
		at java.lang.reflect.Method.invoke(Method.java:569) ~[?:?]
		at net.minecraftforge.fml.loading.targets.CommonLaunchHandler.runTarget(CommonLaunchHandler.java:111) ~[fmlloader-1.20.1-47.4.22.jar:?]
		at net.minecraftforge.fml.loading.targets.CommonLaunchHandler.clientService(CommonLaunchHandler.java:99) ~[fmlloader-1.20.1-47.4.22.jar:?]
		at net.minecraftforge.fml.loading.targets.ForgeClientUserdevLaunchHandler.devService(ForgeClientUserdevLaunchHandler.java:19) ~[fmlloader-1.20.1-47.4.22.jar:?]
		at net.minecraftforge.fml.loading.targets.CommonDevLaunchHandler.lambda$makeService$7(CommonDevLaunchHandler.java:135) ~[fmlloader-1.20.1-47.4.22.jar:?]
		at cpw.mods.modlauncher.LaunchServiceHandlerDecorator.launch(LaunchServiceHandlerDecorator.java:30) ~[modlauncher-10.0.9.jar:?]
		at cpw.mods.modlauncher.LaunchServiceHandler.launch(LaunchServiceHandler.java:53) ~[modlauncher-10.0.9.jar:?]
		at cpw.mods.modlauncher.LaunchServiceHandler.launch(LaunchServiceHandler.java:71) ~[modlauncher-10.0.9.jar:?]
		at cpw.mods.modlauncher.Launcher.run(Launcher.java:108) ~[modlauncher-10.0.9.jar:?]
		at cpw.mods.modlauncher.Launcher.main(Launcher.java:78) ~[modlauncher-10.0.9.jar:?]
		at cpw.mods.modlauncher.BootstrapLaunchConsumer.accept(BootstrapLaunchConsumer.java:26) ~[modlauncher-10.0.9.jar:?]
		at cpw.mods.modlauncher.BootstrapLaunchConsumer.accept(BootstrapLaunchConsumer.java:23) ~[modlauncher-10.0.9.jar:?]
		at cpw.mods.bootstraplauncher.BootstrapLauncher.main(BootstrapLauncher.java:141) ~[bootstraplauncher-1.1.2.jar:?]
		at jdk.internal.reflect.NativeMethodAccessorImpl.invoke0(Native Method) ~[?:?]
		at jdk.internal.reflect.NativeMethodAccessorImpl.invoke(NativeMethodAccessorImpl.java:77) ~[?:?]
		at jdk.internal.reflect.DelegatingMethodAccessorImpl.invoke(DelegatingMethodAccessorImpl.java:43) ~[?:?]
		at java.lang.reflect.Method.invoke(Method.java:569) ~[?:?]
		at net.neoforged.devlaunch.Main.main(Main.java:57) ~[?:?]
	Suppressed: java.io.IOException: Native library (linux-x86-64/libflite.so) not found in resource path (/mnt/AXDISK_EXT4/MCreatorWorkspaces/immersive_stamina/build/classes/java/main:/mnt/AXDISK_EXT4/MCreatorWorkspaces/immersive_stamina/build/resources/main:/mnt/AXDISK_EXT4/MCreatorWorkspaces/immersive_stamina/build/moddev/artifacts/forge-1.20.1-47.4.22.jar:/mnt/AXDISK_EXT4/MCreatorWorkspaces/immersive_stamina/build/moddev/artifacts/client-extra-1.20.1-47.4.22.jar:/mnt/AXDISK_EXT4/MCreatorWorkspaces/immersive_stamina/build/moddev/artifacts/intermediateToNamed.zip:/home/kerilom/.mcreator/gradle/caches/modules-2/files-2.1/net.neoforged/DevLaunch/1.0.2/2e0e9a67793d5bfdedee4f9ea00934dbf3f2e22d/DevLaunch-1.0.2.jar:/home/kerilom/.mcreator/gradle/caches/modules-2/files-2.1/io.github.llamalad7/mixinextras-forge/0.5.0/cebe4d98a42a4a32ebf0ddec7b93d5bdbdad009/mixinextras-forge-0.5.0.jar:/home/kerilom/.mcreator/gradle/caches/modules-2/files-2.1/cpw.mods/bootstraplauncher/1.1.2/c546e00443d8432cda6baa1c860346980742628/bootstraplauncher-1.1.2.jar:/home/kerilom/.mcreator/gradle/caches/modules-2/files-2.1/net.minecraftforge/fmlearlydisplay/1.20.1-47.4.22/90407eed9ce435424cd98544f47f44b00d9c9c09/fmlearlydisplay-1.20.1-47.4.22.jar:/home/kerilom/.mcreator/gradle/caches/modules-2/files-2.1/net.minecraftforge/javafmllanguage/1.20.1-47.4.22/c3fe3323c9f8651aff7b34a665730c312b9e203f/javafmllanguage-1.20.1-47.4.22.jar:/home/kerilom/.mcreator/gradle/caches/modules-2/files-2.1/net.minecraftforge/lowcodelanguage/1.20.1-47.4.22/c719255918fe74052292279a1242a26fbe92452a/lowcodelanguage-1.20.1-47.4.22.jar:/home/kerilom/.mcreator/gradle/caches/modules-2/files-2.1/net.minecraftforge/mclanguage/1.20.1-47.4.22/78b273bf6a3b42e430cd60ca1636656ae5993d6c/mclanguage-1.20.1-47.4.22.jar:/home/kerilom/.mcreator/gradle/caches/modules-2/files-2.1/net.minecraftforge/fmlcore/1.20.1-47.4.22/1367fc72fd188372dd79e824c611e248dcd000e/fmlcore-1.20.1-47.4.22.jar:/home/kerilom/.mcreator/gradle/caches/modules-2/files-2.1/net.minecraftforge/fmlloader/1.20.1-47.4.22/ce9a2a24e7b3039263e3702374b50dfcf2171c6a/fmlloader-1.20.1-47.4.22.jar:/home/kerilom/.mcreator/gradle/caches/modules-2/files-2.1/net.minecraftforge/forgespi/7.0.1/3b4972a0cdb135853dba219be61a79b22cff1309/forgespi-7.0.1.jar:/home/kerilom/.mcreator/gradle/caches/modules-2/files-2.1/net.minecraftforge/accesstransformers/8.0.4/272d240aa73f42195b2a68e2ebd8b701ecf41f63/accesstransformers-8.0.4.jar:/home/kerilom/.mcreator/gradle/caches/modules-2/files-2.1/cpw.mods/modlauncher/10.0.9/6d9443f56f50bb85cea383686ff9c867391458b/modlauncher-10.0.9.jar:/home/kerilom/.mcreator/gradle/caches/modules-2/files-2.1/cpw.mods/securejarhandler/2.1.10/51e6a22c6c716beb11e244bf5b8be480f51dd6b5/securejarhandler-2.1.10.jar:/home/kerilom/.mcreator/gradle/caches/modules-2/files-2.1/net.minecraftforge/eventbus/6.2.33/3fae69cfa9c5095bcc25c0a8a3ed9b26c156f922/eventbus-6.2.33.jar:/home/kerilom/.mcreator/gradle/caches/modules-2/files-2.1/net.minecraftforge/coremods/5.2.4/e30bab269d896613e38396274711410b3a0e4b87/coremods-5.2.4.jar:/home/kerilom/.mcreator/gradle/caches/modules-2/files-2.1/org.openjdk.nashorn/nashorn-core/15.4/f67f5ffaa5f5130cf6fb9b133da00c7df3b532a5/nashorn-core-15.4.jar:/home/kerilom/.mcreator/gradle/caches/modules-2/files-2.1/org.ow2.asm/asm-commons/9.9.1/ab35de4c537184a09339069f1a3b3aacf2289149/asm-commons-9.9.1.jar:/home/kerilom/.mcreator/gradle/caches/modules-2/files-2.1/net.minecraftforge/mergetool/1.1.5/e31dad26696043b540681aabc93e2001a1a2cd44/mergetool-1.1.5.jar:/home/kerilom/.mcreator/gradle/caches/modules-2/files-2.1/net.minecraftforge/mergetool/1.1.5/f3da18e12c696d35a47c82cbb2cc8b5aa15e1154/mergetool-1.1.5-api.jar:/home/kerilom/.mcreator/gradle/caches/modules-2/files-2.1/org.ow2.asm/asm-util/9.9.1/e51f5b0ae0b0c1960687ae970a2a3434d39d8abb/asm-util-9.9.1.jar:/home/kerilom/.mcreator/gradle/caches/modules-2/files-2.1/org.ow2.asm/asm-analysis/9.9.1/1ab8d9316ef7a67240087919a708246c37ed1660/asm-analysis-9.9.1.jar:/home/kerilom/.mcreator/gradle/caches/modules-2/files-2.1/org.ow2.asm/asm-tree/9.9.1/b6b1b3366296163b4b1f540731aad0a2baa484d8/asm-tree-9.9.1.jar:/home/kerilom/.mcreator/gradle/caches/modules-2/files-2.1/org.ow2.asm/asm/9.9.1/2ceea6ab43bcae1979b2a6d85fc0ca429877e5ab/asm-9.9.1.jar:/home/kerilom/.mcreator/gradle/caches/modules-2/files-2.1/net.minecraftforge/JarJarFileSystems/0.3.19/2464eb7d6b9ddb9db36a82cf8a95193e5c6fe020/JarJarFileSystems-0.3.19.jar:/home/kerilom/.mcreator/gradle/caches/modules-2/files-2.1/org.antlr/antlr4/4.9.1/e92af8ab33e428461927b484e90bb155a4f3a052/antlr4-4.9.1.jar:/home/kerilom/.mcreator/gradle/caches/modules-2/files-2.1/org.antlr/antlr4-runtime/4.9.1/428664f05d2b7f7b7610204b5aa7c1763f62011a/antlr4-runtime-4.9.1.jar:/home/kerilom/.mcreator/gradle/caches/modules-2/files-2.1/net.minecraftforge/unsafe/0.2.0/54d7a0a5e8fdb71b973025caa46f341ae5904f39/unsafe-0.2.0.jar:/home/kerilom/.mcreator/gradle/caches/modules-2/files-2.1/com.electronwill.night-config/toml/3.6.4/51d6cefb2b55ee55ee26b16391212fb2c7dfb4f4/toml-3.6.4.jar:/home/kerilom/.mcreator/gradle/caches/modules-2/files-2.1/com.electronwill.night-config/core/3.6.4/510f174abbf1c947494db50ef2445683bd52c230/core-3.6.4.jar:/home/kerilom/.mcreator/gradle/caches/modules-2/files-2.1/net.minecraftforge/JarJarSelector/0.3.19/376cc9c8ea60720cf027c01fc033de915699801c/JarJarSelector-0.3.19.jar:/home/kerilom/.mcreator/gradle/caches/modules-2/files-2.1/net.minecraftforge/JarJarMetadata/0.3.19/83feaa9b770e6ac0e96ee4fc23fa89325c5fe2/JarJarMetadata-0.3.19.jar:/home/kerilom/.mcreator/gradle/caches/modules-2/files-2.1/org.apache.maven/maven-artifact/3.8.5/4433f50c07debefaed0553bd0068f4f48d449313/maven-artifact-3.8.5.jar:/home/kerilom/.mcreator/gradle/caches/modules-2/files-2.1/net.jodah/typetools/0.6.3/a01aaa6ddaea9ec07ec4f209487b7a46a526283a/typetools-0.6.3.jar:/home/kerilom/.mcreator/gradle/caches/modules-2/files-2.1/net.minecrell/terminalconsoleappender/1.2.0/96d02cd3b384ff015a8fef4223bcb4ccf1717c95/terminalconsoleappender-1.2.0.jar:/home/kerilom/.mcreator/gradle/caches/modules-2/files-2.1/org.jline/jline-reader/3.12.1/4382ab1382c7b6f379377ed5f665dc2f6e1218bc/jline-reader-3.12.1.jar:/home/kerilom/.mcreator/gradle/caches/modules-2/files-2.1/org.jline/jline-terminal/3.12.1/c777448314e050d980a6b697c140f3bfe9eb7416/jline-terminal-3.12.1.jar:/home/kerilom/.mcreator/gradle/caches/modules-2/files-2.1/org.spongepowered/mixin/0.8.5/9d1c0c3a304ae6697ecd477218fa61b850bf57fc/mixin-0.8.5.jar:/home/kerilom/.mcreator/gradle/caches/modules-2/files-2.1/com.github.oshi/oshi-core/6.2.2/54f5efc19bca95d709d9a37d19ffcbba3d21c1a6/oshi-core-6.2.2.jar:/home/kerilom/.mcreator/gradle/caches/modules-2/files-2.1/com.google.code.gson/gson/2.10/dd9b193aef96e973d5a11ab13cd17430c2e4306b/gson-2.10.jar:/home/kerilom/.mcreator/gradle/caches/modules-2/files-2.1/com.google.guava/guava/31.1-jre/60458f877d055d0c9114d9e1a2efb737b4bc282c/guava-31.1-jre.jar:/home/kerilom/.mcreator/gradle/caches/modules-2/files-2.1/com.google.guava/failureaccess/1.0.1/1dcf1de382a0bf95a3d8b0849546c88bac1292c9/failureaccess-1.0.1.jar:/home/kerilom/.mcreator/gradle/caches/modules-2/files-2.1/com.ibm.icu/icu4j/61.1/28d33b5e44e72edcc66a5da7a34a42147f38d987/icu4j-61.1.jar:/home/kerilom/.mcreator/gradle/caches/modules-2/files-2.1/com.mojang/authlib/4.0.43/2ff9d747a77570a07a60d32ac77eb6162ad2a2d9/authlib-4.0.43.jar:/home/kerilom/.mcreator/gradle/caches/modules-2/files-2.1/com.mojang/blocklist/1.0.10/5c685c5ffa94c4cd39496c7184c1d122e515ecef/blocklist-1.0.10.jar:/home/kerilom/.mcreator/gradle/caches/modules-2/files-2.1/com.mojang/brigadier/1.1.8/5244ce82c3337bba4a196a3ce858bfaecc74404a/brigadier-1.1.8.jar:/home/kerilom/.mcreator/gradle/caches/modules-2/files-2.1/com.mojang/datafixerupper/6.0.8/3ba4a30557a9b057760af4011f909ba619fc5125/datafixerupper-6.0.8.jar:/home/kerilom/.mcreator/gradle/caches/modules-2/files-2.1/com.mojang/logging/1.1.1/832b8e6674a9b325a5175a3a6267dfaf34c85139/logging-1.1.1.jar:/home/kerilom/.mcreator/gradle/caches/modules-2/files-2.1/com.mojang/patchy/2.2.10/da05971b07cbb379d002cf7eaec6a2048211fefc/patchy-2.2.10.jar:/home/kerilom/.mcreator/gradle/caches/modules-2/files-2.1/com.mojang/text2speech/1.17.9/3cad216e3a7f0c19b4b394388bc9ffc446f13b14/text2speech-1.17.9.jar:/home/kerilom/.mcreator/gradle/caches/modules-2/files-2.1/commons-codec/commons-codec/1.15/49d94806b6e3dc933dacbd8acb0fdbab8ebd1e5d/commons-codec-1.15.jar:/home/kerilom/.mcreator/gradle/caches/modules-2/files-2.1/commons-io/commons-io/2.11.0/a2503f302b11ebde7ebc3df41daebe0e4eea3689/commons-io-2.11.0.jar:/home/kerilom/.mcreator/gradle/caches/modules-2/files-2.1/commons-logging/commons-logging/1.2/4bfc12adfe4842bf07b657f0369c4cb522955686/commons-logging-1.2.jar:/home/kerilom/.mcreator/gradle/caches/modules-2/files-2.1/io.netty/netty-buffer/4.1.82.Final/a544270cf1ae8b8077082f5036436a9a9971ea71/netty-buffer-4.1.82.Final.jar:/home/kerilom/.mcreator/gradle/caches/modules-2/files-2.1/io.netty/netty-codec/4.1.82.Final/b77200379acb345a9ffdece1c605e591ac3e4e0a/netty-codec-4.1.82.Final.jar:/home/kerilom/.mcreator/gradle/caches/modules-2/files-2.1/io.netty/netty-common/4.1.82.Final/22d148e85c3f5ebdacc0ce1f5aabb1d420f73f3/netty-common-4.1.82.Final.jar:/home/kerilom/.mcreator/gradle/caches/modules-2/files-2.1/io.netty/netty-handler/4.1.82.Final/644041d1fa96a5d3130a29e8978630d716d76e38/netty-handler-4.1.82.Final.jar:/home/kerilom/.mcreator/gradle/caches/modules-2/files-2.1/io.netty/netty-resolver/4.1.82.Final/38f665ae8dcd29032eea31245ba7806bed2e0fa8/netty-resolver-4.1.82.Final.jar:/home/kerilom/.mcreator/gradle/caches/modules-2/files-2.1/io.netty/netty-transport-classes-epoll/4.1.82.Final/e7c7dd18deac93105797f30057c912651ea76521/netty-transport-classes-epoll-4.1.82.Final.jar:/home/kerilom/.mcreator/gradle/caches/modules-2/files-2.1/io.netty/netty-transport-native-unix-common/4.1.82.Final/3e895b35ca1b8a0eca56cacff4c2dde5d2c6abce/netty-transport-native-unix-common-4.1.82.Final.jar:/home/kerilom/.mcreator/gradle/caches/modules-2/files-2.1/io.netty/netty-transport/4.1.82.Final/e431a218d91acb6476ccad5f5aafde50aa3945ca/netty-transport-4.1.82.Final.jar:/home/kerilom/.mcreator/gradle/caches/modules-2/files-2.1/it.unimi.dsi/fastutil/8.5.9/bb7ea75ecdb216654237830b3a96d87ad91f8cc5/fastutil-8.5.9.jar:/home/kerilom/.mcreator/gradle/caches/modules-2/files-2.1/net.java.dev.jna/jna-platform/5.12.1/97406a297c852f4a41e688a176ec675f72e8329/jna-platform-5.12.1.jar:/home/kerilom/.mcreator/gradle/caches/modules-2/files-2.1/net.java.dev.jna/jna/5.12.1/b1e93a735caea94f503e95e6fe79bf9cdc1e985d/jna-5.12.1.jar:/home/kerilom/.mcreator/gradle/caches/modules-2/files-2.1/net.sf.jopt-simple/jopt-simple/5.0.4/4fdac2fbe92dfad86aa6e9301736f6b4342a3f5c/jopt-simple-5.0.4.jar:/home/kerilom/.mcreator/gradle/caches/modules-2/files-2.1/org.apache.commons/commons-compress/1.21/4ec95b60d4e86b5c95a0e919cb172a0af98011ef/commons-compress-1.21.jar:/home/kerilom/.mcreator/gradle/caches/modules-2/files-2.1/org.apache.commons/commons-lang3/3.12.0/c6842c86792ff03b9f1d1fe2aab8dc23aa6c6f0e/commons-lang3-3.12.0.jar:/home/kerilom/.mcreator/gradle/caches/modules-2/files-2.1/org.apache.httpcomponents/httpclient/4.5.13/e5f6cae5ca7ecaac1ec2827a9e2d65ae2869cada/httpclient-4.5.13.jar:/home/kerilom/.mcreator/gradle/caches/modules-2/files-2.1/org.apache.httpcomponents/httpcore/4.4.15/7f2e0c573eaa7a74bac2e89b359e1f73d92a0a1d/httpcore-4.4.15.jar:/home/kerilom/.mcreator/gradle/caches/modules-2/files-2.1/org.apache.logging.log4j/log4j-core/2.19.0/3b6eeb4de4c49c0fe38a4ee27188ff5fee44d0bb/log4j-core-2.19.0.jar:/home/kerilom/.mcreator/gradle/caches/modules-2/files-2.1/org.apache.logging.log4j/log4j-slf4j2-impl/2.19.0/5c04bfdd63ce9dceb2e284b81e96b6a70010ee10/log4j-slf4j2-impl-2.19.0.jar:/home/kerilom/.mcreator/gradle/caches/modules-2/files-2.1/org.apache.logging.log4j/log4j-api/2.19.0/ea1b37f38c327596b216542bc636cfdc0b8036fa/log4j-api-2.19.0.jar:/home/kerilom/.mcreator/gradle/caches/modules-2/files-2.1/org.joml/joml/1.10.5/22566d58af70ad3d72308bab63b8339906deb649/joml-1.10.5.jar:/home/kerilom/.mcreator/gradle/caches/modules-2/files-2.1/org.lwjgl/lwjgl-glfw/3.3.1/cbac1b8d30cb4795149c1ef540f912671a8616d0/lwjgl-glfw-3.3.1.jar:/home/kerilom/.mcreator/gradle/caches/modules-2/files-2.1/org.lwjgl/lwjgl-glfw/3.3.1/81716978214ecbda15050ca394b06ef61501a49e/lwjgl-glfw-3.3.1-natives-linux.jar:/home/kerilom/.mcreator/gradle/caches/modules-2/files-2.1/org.lwjgl/lwjgl-jemalloc/3.3.1/a817bcf213db49f710603677457567c37d53e103/lwjgl-jemalloc-3.3.1.jar:/home/kerilom/.mcreator/gradle/caches/modules-2/files-2.1/org.lwjgl/lwjgl-jemalloc/3.3.1/33dbb017b6ed6b25f993ad9d56741a49e7937718/lwjgl-jemalloc-3.3.1-natives-linux.jar:/home/kerilom/.mcreator/gradle/caches/modules-2/files-2.1/org.lwjgl/lwjgl-openal/3.3.1/2623a6b8ae1dfcd880738656a9f0243d2e6840bd/lwjgl-openal-3.3.1.jar:/home/kerilom/.mcreator/gradle/caches/modules-2/files-2.1/org.lwjgl/lwjgl-openal/3.3.1/f906b6439f6daa66001182ea7727e3467a93681b/lwjgl-openal-3.3.1-natives-linux.jar:/home/kerilom/.mcreator/gradle/caches/modules-2/files-2.1/org.lwjgl/lwjgl-opengl/3.3.1/831a5533a21a5f4f81bbc51bb13e9899319b5411/lwjgl-opengl-3.3.1.jar:/home/kerilom/.mcreator/gradle/caches/modules-2/files-2.1/org.lwjgl/lwjgl-opengl/3.3.1/ab9ab6fde3743e3550fa5d46d785ecb45b047d99/lwjgl-opengl-3.3.1-natives-linux.jar:/home/kerilom/.mcreator/gradle/caches/modules-2/files-2.1/org.lwjgl/lwjgl-stb/3.3.1/b119297cf8ed01f247abe8685857f8e7fcf5980f/lwjgl-stb-3.3.1.jar:/home/kerilom/.mcreator/gradle/caches/modules-2/files-2.1/org.lwjgl/lwjgl-stb/3.3.1/3ee7aec8686e52867677110415566a5342a80230/lwjgl-stb-3.3.1-natives-linux.jar:/home/kerilom/.mcreator/gradle/caches/modules-2/files-2.1/org.lwjgl/lwjgl-tinyfd/3.3.1/ff1914111ef2e3e0110ef2dabc8d8cdaad82347/lwjgl-tinyfd-3.3.1.jar:/home/kerilom/.mcreator/gradle/caches/modules-2/files-2.1/org.lwjgl/lwjgl-tinyfd/3.3.1/a35110b9471bea8cde826ab297550ee8c22f5035/lwjgl-tinyfd-3.3.1-natives-linux.jar:/home/kerilom/.mcreator/gradle/caches/modules-2/files-2.1/org.lwjgl/lwjgl/3.3.1/ae58664f88e18a9bb2c77b063833ca7aaec484cb/lwjgl-3.3.1.jar:/home/kerilom/.mcreator/gradle/caches/modules-2/files-2.1/org.lwjgl/lwjgl/3.3.1/1de885aba434f934201b99f2f1afb142036ac189/lwjgl-3.3.1-natives-linux.jar:/home/kerilom/.mcreator/gradle/caches/modules-2/files-2.1/com.machinezoo.noexception/noexception/1.7.1/b65330c98e38a1f915fa54a6e5eca496505e3f0a/noexception-1.7.1.jar:/home/kerilom/.mcreator/gradle/caches/modules-2/files-2.1/org.slf4j/slf4j-simple/1.7.30/e606eac955f55ecf1d8edcccba04eb8ac98088dd/slf4j-simple-1.7.30.jar:/home/kerilom/.mcreator/gradle/caches/modules-2/files-2.1/org.slf4j/slf4j-api/2.0.0/82b150a36b504a09076b29c0509e31702c9c3999/slf4j-api-2.0.0.jar:/home/kerilom/.mcreator/gradle/caches/modules-2/files-2.1/net.minecraftforge/srgutils/0.4.11/fbad1341ffdb47d276bbdc40ecb06da49e053e74/srgutils-0.4.11.jar:/home/kerilom/.mcreator/gradle/caches/modules-2/files-2.1/org.codehaus.plexus/plexus-utils/3.3.0/cf43b5391de623b36fe066a21127baef82c64022/plexus-utils-3.3.0.jar:/home/kerilom/.mcreator/gradle/caches/modules-2/files-2.1/com.google.guava/listenablefuture/9999.0-empty-to-avoid-conflict-with-guava/b421526c5f297295adef1c886e5246c39d4ac629/listenablefuture-9999.0-empty-to-avoid-conflict-with-guava.jar:/home/kerilom/.mcreator/gradle/caches/modules-2/files-2.1/com.google.code.findbugs/jsr305/3.0.2/25ea2e8b0c338a877313bd4672d3fe056ea78f0d/jsr305-3.0.2.jar:/home/kerilom/.mcreator/gradle/caches/modules-2/files-2.1/org.checkerframework/checker-qual/3.12.0/d5692f0526415fcc6de94bb5bfbd3afd9dd3b3e5/checker-qual-3.12.0.jar:/home/kerilom/.mcreator/gradle/caches/modules-2/files-2.1/com.google.errorprone/error_prone_annotations/2.11.0/c5a0ace696d3f8b1c1d8cc036d8c03cc0cbe6b69/error_prone_annotations-2.11.0.jar:/home/kerilom/.mcreator/gradle/caches/modules-2/files-2.1/com.google.j2objc/j2objc-annotations/1.3/ba035118bc8bac37d7eff77700720999acd9986d/j2objc-annotations-1.3.jar:/home/kerilom/.mcreator/gradle/caches/modules-2/files-2.1/io.netty/netty-transport-native-epoll/4.1.82.Final/476409d6255001ca53a55f65b01c13822f8dc93a/netty-transport-native-epoll-4.1.82.Final-linux-aarch_64.jar:/home/kerilom/.mcreator/gradle/caches/modules-2/files-2.1/io.netty/netty-transport-native-epoll/4.1.82.Final/c7350a71920f3ae9142945e25fed4846cce53374/netty-transport-native-epoll-4.1.82.Final-linux-x86_64.jar:/home/kerilom/.mcreator/gradle/caches/modules-2/files-2.1/org.antlr/ST4/4.3/92f2c1ad8d84abcbeead6cf7f2c53a04166293c2/ST4-4.3.jar:/home/kerilom/.mcreator/gradle/caches/modules-2/files-2.1/org.antlr/antlr-runtime/3.5.2/cd9cd41361c155f3af0f653009dcecb08d8b4afd/antlr-runtime-3.5.2.jar:/home/kerilom/.mcreator/gradle/caches/modules-2/files-2.1/org.abego.treelayout/org.abego.treelayout.core/1.0.3/457216e8e6578099ae63667bb1e4439235892028/org.abego.treelayout.core-1.0.3.jar:/home/kerilom/.mcreator/gradle/caches/modules-2/files-2.1/org.glassfish/javax.json/1.0.4/3178f73569fd7a1e5ffc464e680f7a8cc784b85a/javax.json-1.0.4.jar)
		at com.sun.jna.Native.extractFromResourcePath(Native.java:1145) ~[jna-5.12.1.jar:5.12.1 (b0)]
		at com.sun.jna.NativeLibrary.loadLibrary(NativeLibrary.java:281) ~[jna-5.12.1.jar:5.12.1 (b0)]
		at com.sun.jna.NativeLibrary.getInstance(NativeLibrary.java:467) ~[jna-5.12.1.jar:5.12.1 (b0)]
		at com.sun.jna.NativeLibrary.getInstance(NativeLibrary.java:409) ~[jna-5.12.1.jar:5.12.1 (b0)]
		at com.mojang.text2speech.NarratorLinux$FliteLibrary.loadNative(NarratorLinux.java:67) ~[text2speech-1.17.9.jar:?]
		at com.mojang.text2speech.NarratorLinux.<init>(NarratorLinux.java:18) ~[text2speech-1.17.9.jar:?]
		at com.mojang.text2speech.Narrator.getNarrator(Narrator.java:41) ~[text2speech-1.17.9.jar:?]
		at net.minecraft.client.GameNarrator.<init>(GameNarrator.java:21) ~[forge-1.20.1-47.4.22.jar:?]
		at net.minecraft.client.Minecraft.<init>(Minecraft.java:553) ~[forge-1.20.1-47.4.22.jar:?]
		at net.minecraft.client.main.Main.main(Main.java:182) ~[forge-1.20.1-47.4.22.jar:?]
		at jdk.internal.reflect.NativeMethodAccessorImpl.invoke0(Native Method) ~[?:?]
		at jdk.internal.reflect.NativeMethodAccessorImpl.invoke(NativeMethodAccessorImpl.java:77) ~[?:?]
		at jdk.internal.reflect.DelegatingMethodAccessorImpl.invoke(DelegatingMethodAccessorImpl.java:43) ~[?:?]
		at java.lang.reflect.Method.invoke(Method.java:569) ~[?:?]
		at net.minecraftforge.fml.loading.targets.CommonLaunchHandler.runTarget(CommonLaunchHandler.java:111) ~[fmlloader-1.20.1-47.4.22.jar:?]
		at net.minecraftforge.fml.loading.targets.CommonLaunchHandler.clientService(CommonLaunchHandler.java:99) ~[fmlloader-1.20.1-47.4.22.jar:?]
		at net.minecraftforge.fml.loading.targets.ForgeClientUserdevLaunchHandler.devService(ForgeClientUserdevLaunchHandler.java:19) ~[fmlloader-1.20.1-47.4.22.jar:?]
		at net.minecraftforge.fml.loading.targets.CommonDevLaunchHandler.lambda$makeService$7(CommonDevLaunchHandler.java:135) ~[fmlloader-1.20.1-47.4.22.jar:?]
		at cpw.mods.modlauncher.LaunchServiceHandlerDecorator.launch(LaunchServiceHandlerDecorator.java:30) ~[modlauncher-10.0.9.jar:?]
		at cpw.mods.modlauncher.LaunchServiceHandler.launch(LaunchServiceHandler.java:53) ~[modlauncher-10.0.9.jar:?]
		at cpw.mods.modlauncher.LaunchServiceHandler.launch(LaunchServiceHandler.java:71) ~[modlauncher-10.0.9.jar:?]
		at cpw.mods.modlauncher.Launcher.run(Launcher.java:108) ~[modlauncher-10.0.9.jar:?]
		at cpw.mods.modlauncher.Launcher.main(Launcher.java:78) ~[modlauncher-10.0.9.jar:?]
		at cpw.mods.modlauncher.BootstrapLaunchConsumer.accept(BootstrapLaunchConsumer.java:26) ~[modlauncher-10.0.9.jar:?]
		at cpw.mods.modlauncher.BootstrapLaunchConsumer.accept(BootstrapLaunchConsumer.java:23) ~[modlauncher-10.0.9.jar:?]
		at cpw.mods.bootstraplauncher.BootstrapLauncher.main(BootstrapLauncher.java:141) ~[bootstraplauncher-1.1.2.jar:?]
		at jdk.internal.reflect.NativeMethodAccessorImpl.invoke0(Native Method) ~[?:?]
		at jdk.internal.reflect.NativeMethodAccessorImpl.invoke(NativeMethodAccessorImpl.java:77) ~[?:?]
		at jdk.internal.reflect.DelegatingMethodAccessorImpl.invoke(DelegatingMethodAccessorImpl.java:43) ~[?:?]
		at java.lang.reflect.Method.invoke(Method.java:569) ~[?:?]
		at net.neoforged.devlaunch.Main.main(Main.java:57) ~[?:?]
[07Aug2026 09:14:44.130] [Render thread/INFO] [net.minecraft.server.packs.resources.ReloadableResourceManager/]: Reloading ResourceManager: vanilla, mod_resources
[07Aug2026 09:14:44.150] [modloading-worker-0/DEBUG] [net.minecraftforge.fml.config.ConfigTracker/CONFIG]: Loading configs type CLIENT
[07Aug2026 09:14:44.154] [modloading-worker-0/DEBUG] [net.minecraftforge.fml.config.ConfigFileTypeHandler/CONFIG]: Built TOML config for /mnt/AXDISK_EXT4/MCreatorWorkspaces/immersive_stamina/run/config/forge-client.toml
[07Aug2026 09:14:44.156] [modloading-worker-0/DEBUG] [net.minecraftforge.fml.config.ConfigFileTypeHandler/CONFIG]: Loaded TOML config file /mnt/AXDISK_EXT4/MCreatorWorkspaces/immersive_stamina/run/config/forge-client.toml
[07Aug2026 09:14:44.175] [modloading-worker-0/DEBUG] [net.minecraftforge.fml.config.ConfigFileTypeHandler/CONFIG]: Watching TOML config file /mnt/AXDISK_EXT4/MCreatorWorkspaces/immersive_stamina/run/config/forge-client.toml for changes
[07Aug2026 09:14:44.184] [modloading-worker-0/DEBUG] [net.minecraftforge.common.ForgeConfig/FORGEMOD]: Loaded forge config file forge-client.toml
[07Aug2026 09:14:44.185] [modloading-worker-0/DEBUG] [net.minecraftforge.fml.config.ConfigTracker/CONFIG]: Loading configs type COMMON
[07Aug2026 09:14:44.185] [modloading-worker-0/DEBUG] [net.minecraftforge.fml.config.ConfigFileTypeHandler/CONFIG]: Built TOML config for /mnt/AXDISK_EXT4/MCreatorWorkspaces/immersive_stamina/run/config/immersivestamina-common.toml
[07Aug2026 09:14:44.186] [modloading-worker-0/DEBUG] [net.minecraftforge.fml.config.ConfigFileTypeHandler/CONFIG]: Loaded TOML config file /mnt/AXDISK_EXT4/MCreatorWorkspaces/immersive_stamina/run/config/immersivestamina-common.toml
[07Aug2026 09:14:44.186] [modloading-worker-0/DEBUG] [net.minecraftforge.fml.config.ConfigFileTypeHandler/CONFIG]: Watching TOML config file /mnt/AXDISK_EXT4/MCreatorWorkspaces/immersive_stamina/run/config/immersivestamina-common.toml for changes
[07Aug2026 09:14:44.186] [modloading-worker-0/WARN] [net.minecraftforge.common.ForgeConfigSpec/CORE]: Configuration file /mnt/AXDISK_EXT4/MCreatorWorkspaces/immersive_stamina/run/config/immersivestamina-common.toml is not correct. Correcting
[07Aug2026 09:14:44.188] [modloading-worker-0/WARN] [net.minecraftforge.common.ForgeConfigSpec/CORE]: Incorrect key Actions/Events was corrected from null to its default, SimpleCommentedConfig:{}. 
[07Aug2026 09:14:44.188] [Thread-3/DEBUG] [net.minecraftforge.fml.config.ConfigFileTypeHandler/CONFIG]: Config file forge-client.toml changed, sending notifies
[07Aug2026 09:14:44.188] [modloading-worker-0/WARN] [net.minecraftforge.common.ForgeConfigSpec/CORE]: Incorrect key Actions/Events.Sprinting was corrected from null to its default, SimpleCommentedConfig:{}. 
[07Aug2026 09:14:44.188] [modloading-worker-0/WARN] [net.minecraftforge.common.ForgeConfigSpec/CORE]: Incorrect key Actions/Events.Sprinting.Smooth Cost was corrected from null to its default, SimpleCommentedConfig:{}. 
[07Aug2026 09:14:44.188] [Thread-3/DEBUG] [net.minecraftforge.common.ForgeConfig/FORGEMOD]: Forge config just got changed on the file system!
[07Aug2026 09:14:44.188] [modloading-worker-0/WARN] [net.minecraftforge.common.ForgeConfigSpec/CORE]: Incorrect key Actions/Events.Sprinting.Smooth Cost.Enable was corrected from null to its default, true. 
[07Aug2026 09:14:44.188] [modloading-worker-0/DEBUG] [net.minecraftforge.common.ForgeConfigSpec/CORE]: The comment on key Actions/Events.Sprinting.Smooth Cost.Enable does not match the spec. This may create a backup.
[07Aug2026 09:14:44.188] [modloading-worker-0/WARN] [net.minecraftforge.common.ForgeConfigSpec/CORE]: Incorrect key Actions/Events.Sprinting.Set Cooldown Regen was corrected from null to its default, 35.0. 
[07Aug2026 09:14:44.189] [modloading-worker-0/DEBUG] [net.minecraftforge.common.ForgeConfigSpec/CORE]: The comment on key Actions/Events.Sprinting.Set Cooldown Regen does not match the spec. This may create a backup.
[07Aug2026 09:14:44.189] [modloading-worker-0/WARN] [net.minecraftforge.common.ForgeConfigSpec/CORE]: Incorrect key Actions/Events.Sprinting.Cost was corrected from null to its default, 0.08. 
[07Aug2026 09:14:44.189] [modloading-worker-0/DEBUG] [net.minecraftforge.common.ForgeConfigSpec/CORE]: The comment on key Actions/Events.Sprinting.Cost does not match the spec. This may create a backup.
[07Aug2026 09:14:44.189] [modloading-worker-0/WARN] [net.minecraftforge.common.ForgeConfigSpec/CORE]: Incorrect key Actions/Events.Sprinting.Enable was corrected from null to its default, true. 
[07Aug2026 09:14:44.189] [modloading-worker-0/DEBUG] [net.minecraftforge.common.ForgeConfigSpec/CORE]: The comment on key Actions/Events.Sprinting.Enable does not match the spec. This may create a backup.
[07Aug2026 09:14:44.189] [modloading-worker-0/WARN] [net.minecraftforge.common.ForgeConfigSpec/CORE]: Incorrect key Actions/Events.Jump was corrected from null to its default, SimpleCommentedConfig:{}. 
[07Aug2026 09:14:44.191] [modloading-worker-0/WARN] [net.minecraftforge.common.ForgeConfigSpec/CORE]: Incorrect key Actions/Events.Jump.Set Cooldown Regen was corrected from null to its default, 60.0. 
[07Aug2026 09:14:44.191] [modloading-worker-0/DEBUG] [net.minecraftforge.common.ForgeConfigSpec/CORE]: The comment on key Actions/Events.Jump.Set Cooldown Regen does not match the spec. This may create a backup.
[07Aug2026 09:14:44.191] [modloading-worker-0/WARN] [net.minecraftforge.common.ForgeConfigSpec/CORE]: Incorrect key Actions/Events.Jump.Cost was corrected from null to its default, 0.55. 
[07Aug2026 09:14:44.191] [modloading-worker-0/DEBUG] [net.minecraftforge.common.ForgeConfigSpec/CORE]: The comment on key Actions/Events.Jump.Cost does not match the spec. This may create a backup.
[07Aug2026 09:14:44.191] [modloading-worker-0/WARN] [net.minecraftforge.common.ForgeConfigSpec/CORE]: Incorrect key Actions/Events.Jump.Enable was corrected from null to its default, true. 
[07Aug2026 09:14:44.193] [modloading-worker-0/DEBUG] [net.minecraftforge.common.ForgeConfigSpec/CORE]: The comment on key Actions/Events.Jump.Enable does not match the spec. This may create a backup.
[07Aug2026 09:14:44.193] [modloading-worker-0/WARN] [net.minecraftforge.common.ForgeConfigSpec/CORE]: Incorrect key Actions/Events.Swing was corrected from null to its default, SimpleCommentedConfig:{}. 
[07Aug2026 09:14:44.193] [modloading-worker-0/WARN] [net.minecraftforge.common.ForgeConfigSpec/CORE]: Incorrect key Actions/Events.Swing.Set Cooldown Regen was corrected from null to its default, 25.0. 
[07Aug2026 09:14:44.193] [modloading-worker-0/DEBUG] [net.minecraftforge.common.ForgeConfigSpec/CORE]: The comment on key Actions/Events.Swing.Set Cooldown Regen does not match the spec. This may create a backup.
[07Aug2026 09:14:44.193] [modloading-worker-0/WARN] [net.minecraftforge.common.ForgeConfigSpec/CORE]: Incorrect key Actions/Events.Swing.Cost was corrected from null to its default, 0.1. 
[07Aug2026 09:14:44.193] [modloading-worker-0/DEBUG] [net.minecraftforge.common.ForgeConfigSpec/CORE]: The comment on key Actions/Events.Swing.Cost does not match the spec. This may create a backup.
[07Aug2026 09:14:44.193] [modloading-worker-0/WARN] [net.minecraftforge.common.ForgeConfigSpec/CORE]: Incorrect key Actions/Events.Swing.Enable was corrected from null to its default, true. 
[07Aug2026 09:14:44.193] [modloading-worker-0/DEBUG] [net.minecraftforge.common.ForgeConfigSpec/CORE]: The comment on key Actions/Events.Swing.Enable does not match the spec. This may create a backup.
[07Aug2026 09:14:44.194] [modloading-worker-0/WARN] [net.minecraftforge.common.ForgeConfigSpec/CORE]: Incorrect key Actions/Events.Bow Using was corrected from null to its default, SimpleCommentedConfig:{}. 
[07Aug2026 09:14:44.194] [modloading-worker-0/WARN] [net.minecraftforge.common.ForgeConfigSpec/CORE]: Incorrect key Actions/Events.Bow Using.Set Cooldown Regen was corrected from null to its default, 9.0. 
[07Aug2026 09:14:44.194] [modloading-worker-0/DEBUG] [net.minecraftforge.common.ForgeConfigSpec/CORE]: The comment on key Actions/Events.Bow Using.Set Cooldown Regen does not match the spec. This may create a backup.
[07Aug2026 09:14:44.194] [modloading-worker-0/WARN] [net.minecraftforge.common.ForgeConfigSpec/CORE]: Incorrect key Actions/Events.Bow Using.Cost was corrected from null to its default, 0.08. 
[07Aug2026 09:14:44.194] [modloading-worker-0/DEBUG] [net.minecraftforge.common.ForgeConfigSpec/CORE]: The comment on key Actions/Events.Bow Using.Cost does not match the spec. This may create a backup.
[07Aug2026 09:14:44.194] [modloading-worker-0/WARN] [net.minecraftforge.common.ForgeConfigSpec/CORE]: Incorrect key Actions/Events.Bow Using.Enable was corrected from null to its default, true. 
[07Aug2026 09:14:44.194] [modloading-worker-0/DEBUG] [net.minecraftforge.common.ForgeConfigSpec/CORE]: The comment on key Actions/Events.Bow Using.Enable does not match the spec. This may create a backup.
[07Aug2026 09:14:44.194] [modloading-worker-0/WARN] [net.minecraftforge.common.ForgeConfigSpec/CORE]: Incorrect key Actions/Events.Damage was corrected from null to its default, SimpleCommentedConfig:{}. 
[07Aug2026 09:14:44.194] [modloading-worker-0/WARN] [net.minecraftforge.common.ForgeConfigSpec/CORE]: Incorrect key Actions/Events.Damage.Set Cooldown Regen was corrected from null to its default, 35.0. 
[07Aug2026 09:14:44.194] [modloading-worker-0/DEBUG] [net.minecraftforge.common.ForgeConfigSpec/CORE]: The comment on key Actions/Events.Damage.Set Cooldown Regen does not match the spec. This may create a backup.
[07Aug2026 09:14:44.194] [modloading-worker-0/WARN] [net.minecraftforge.common.ForgeConfigSpec/CORE]: Incorrect key Actions/Events.Damage.Cost was corrected from null to its default, 0.1. 
[07Aug2026 09:14:44.194] [modloading-worker-0/DEBUG] [net.minecraftforge.common.ForgeConfigSpec/CORE]: The comment on key Actions/Events.Damage.Cost does not match the spec. This may create a backup.
[07Aug2026 09:14:44.194] [modloading-worker-0/WARN] [net.minecraftforge.common.ForgeConfigSpec/CORE]: Incorrect key Actions/Events.Damage.Damage Multiplier was corrected from null to its default, true. 
[07Aug2026 09:14:44.198] [modloading-worker-0/DEBUG] [net.minecraftforge.common.ForgeConfigSpec/CORE]: The comment on key Actions/Events.Damage.Damage Multiplier does not match the spec. This may create a backup.
[07Aug2026 09:14:44.198] [modloading-worker-0/WARN] [net.minecraftforge.common.ForgeConfigSpec/CORE]: Incorrect key Actions/Events.Damage.Enable was corrected from null to its default, true. 
[07Aug2026 09:14:44.198] [modloading-worker-0/DEBUG] [net.minecraftforge.common.ForgeConfigSpec/CORE]: The comment on key Actions/Events.Damage.Enable does not match the spec. This may create a backup.
[07Aug2026 09:14:44.198] [modloading-worker-0/WARN] [net.minecraftforge.common.ForgeConfigSpec/CORE]: Incorrect key Actions/Events.Shield Block Attack was corrected from null to its default, SimpleCommentedConfig:{}. 
[07Aug2026 09:14:44.202] [modloading-worker-0/WARN] [net.minecraftforge.common.ForgeConfigSpec/CORE]: Incorrect key Actions/Events.Shield Block Attack.Set Cooldown Regen was corrected from null to its default, 31.0. 
[07Aug2026 09:14:44.202] [modloading-worker-0/DEBUG] [net.minecraftforge.common.ForgeConfigSpec/CORE]: The comment on key Actions/Events.Shield Block Attack.Set Cooldown Regen does not match the spec. This may create a backup.
[07Aug2026 09:14:44.202] [modloading-worker-0/WARN] [net.minecraftforge.common.ForgeConfigSpec/CORE]: Incorrect key Actions/Events.Shield Block Attack.Cost was corrected from null to its default, 0.08. 
[07Aug2026 09:14:44.202] [modloading-worker-0/DEBUG] [net.minecraftforge.common.ForgeConfigSpec/CORE]: The comment on key Actions/Events.Shield Block Attack.Cost does not match the spec. This may create a backup.
[07Aug2026 09:14:44.202] [modloading-worker-0/WARN] [net.minecraftforge.common.ForgeConfigSpec/CORE]: Incorrect key Actions/Events.Shield Block Attack.Enable was corrected from null to its default, true. 
[07Aug2026 09:14:44.202] [modloading-worker-0/DEBUG] [net.minecraftforge.common.ForgeConfigSpec/CORE]: The comment on key Actions/Events.Shield Block Attack.Enable does not match the spec. This may create a backup.
[07Aug2026 09:14:44.207] [modloading-worker-0/WARN] [net.minecraftforge.common.ForgeConfigSpec/CORE]: Incorrect key Mechanics was corrected from null to its default, SimpleCommentedConfig:{}. 
[07Aug2026 09:14:44.208] [modloading-worker-0/WARN] [net.minecraftforge.common.ForgeConfigSpec/CORE]: Incorrect key Mechanics.Tired was corrected from null to its default, SimpleCommentedConfig:{}. 
[07Aug2026 09:14:44.208] [modloading-worker-0/WARN] [net.minecraftforge.common.ForgeConfigSpec/CORE]: Incorrect key Mechanics.Tired.True was corrected from null to its default, SimpleCommentedConfig:{}. 
[07Aug2026 09:14:44.208] [modloading-worker-0/WARN] [net.minecraftforge.common.ForgeConfigSpec/CORE]: Incorrect key Mechanics.Tired.True.Set at was corrected from null to its default, 0.0. 
[07Aug2026 09:14:44.208] [modloading-worker-0/DEBUG] [net.minecraftforge.common.ForgeConfigSpec/CORE]: The comment on key Mechanics.Tired.True.Set at does not match the spec. This may create a backup.
[07Aug2026 09:14:44.208] [modloading-worker-0/WARN] [net.minecraftforge.common.ForgeConfigSpec/CORE]: Incorrect key Mechanics.Tired.False was corrected from null to its default, SimpleCommentedConfig:{}. 
[07Aug2026 09:14:44.208] [modloading-worker-0/WARN] [net.minecraftforge.common.ForgeConfigSpec/CORE]: Incorrect key Mechanics.Tired.False.Set at was corrected from null to its default, 30.0. 
[07Aug2026 09:14:44.208] [modloading-worker-0/DEBUG] [net.minecraftforge.common.ForgeConfigSpec/CORE]: The comment on key Mechanics.Tired.False.Set at does not match the spec. This may create a backup.
[07Aug2026 09:14:44.208] [modloading-worker-0/WARN] [net.minecraftforge.common.ForgeConfigSpec/CORE]: Incorrect key Mechanics.Smooth Regen was corrected from null to its default, SimpleCommentedConfig:{}. 
[07Aug2026 09:14:44.208] [modloading-worker-0/WARN] [net.minecraftforge.common.ForgeConfigSpec/CORE]: Incorrect key Mechanics.Smooth Regen.Enable was corrected from null to its default, true. 
[07Aug2026 09:14:44.208] [modloading-worker-0/DEBUG] [net.minecraftforge.common.ForgeConfigSpec/CORE]: The comment on key Mechanics.Smooth Regen.Enable does not match the spec. This may create a backup.
[07Aug2026 09:14:44.278] [Worker-Main-2/INFO] [net.minecraft.client.gui.font.providers.UnihexProvider/]: Found unifont_all_no_pua-15.0.06.hex, loading
[07Aug2026 09:14:44.455] [modloading-worker-0/WARN] [net.minecraftforge.common.ForgeConfigSpec/CORE]: Incorrect key Hunger was corrected from null to its default, SimpleCommentedConfig:{}. 
[07Aug2026 09:14:44.456] [modloading-worker-0/WARN] [net.minecraftforge.common.ForgeConfigSpec/CORE]: Incorrect key Hunger.Set at was corrected from null to its default, 30.0. 
[07Aug2026 09:14:44.456] [modloading-worker-0/DEBUG] [net.minecraftforge.common.ForgeConfigSpec/CORE]: The comment on key Hunger.Set at does not match the spec. This may create a backup.
[07Aug2026 09:14:44.470] [modloading-worker-0/WARN] [net.minecraftforge.common.ForgeConfigSpec/CORE]: Incorrect key Vignette was corrected from null to its default, SimpleCommentedConfig:{}. 
[07Aug2026 09:14:44.470] [modloading-worker-0/WARN] [net.minecraftforge.common.ForgeConfigSpec/CORE]: Incorrect key Vignette.Max Alpha was corrected from null to its default, 0.9. 
[07Aug2026 09:14:44.471] [modloading-worker-0/DEBUG] [net.minecraftforge.common.ForgeConfigSpec/CORE]: The comment on key Vignette.Max Alpha does not match the spec. This may create a backup.
[07Aug2026 09:14:44.471] [modloading-worker-0/WARN] [net.minecraftforge.common.ForgeConfigSpec/CORE]: Incorrect key Vignette.Threshold Min was corrected from null to its default, 40.0. 
[07Aug2026 09:14:44.471] [modloading-worker-0/DEBUG] [net.minecraftforge.common.ForgeConfigSpec/CORE]: The comment on key Vignette.Threshold Min does not match the spec. This may create a backup.
[07Aug2026 09:14:44.471] [modloading-worker-0/WARN] [net.minecraftforge.common.ForgeConfigSpec/CORE]: Incorrect key Vignette.Threshold Max was corrected from null to its default, 55.0. 
[07Aug2026 09:14:44.471] [modloading-worker-0/DEBUG] [net.minecraftforge.common.ForgeConfigSpec/CORE]: The comment on key Vignette.Threshold Max does not match the spec. This may create a backup.
[07Aug2026 09:14:44.474] [modloading-worker-0/WARN] [net.minecraftforge.common.ForgeConfigSpec/CORE]: Incorrect key Max Stamina was corrected from null to its default, 20.0. 
[07Aug2026 09:14:44.475] [modloading-worker-0/DEBUG] [net.minecraftforge.common.ForgeConfigSpec/CORE]: The comment on key Max Stamina does not match the spec. This may create a backup.
[07Aug2026 09:14:44.480] [modloading-worker-0/WARN] [net.minecraftforge.common.ForgeConfigSpec/CORE]: Incorrect key Regen was corrected from null to its default, 0.05. 
[07Aug2026 09:14:44.480] [modloading-worker-0/DEBUG] [net.minecraftforge.common.ForgeConfigSpec/CORE]: The comment on key Regen does not match the spec. This may create a backup.
[07Aug2026 09:14:44.486] [modloading-worker-0/WARN] [net.minecraftforge.common.ForgeConfigSpec/CORE]: Incorrect key Regen When Moving was corrected from null to its default, 0.015. 
[07Aug2026 09:14:44.486] [modloading-worker-0/DEBUG] [net.minecraftforge.common.ForgeConfigSpec/CORE]: The comment on key Regen When Moving does not match the spec. This may create a backup.
[07Aug2026 09:14:44.493] [Thread-3/DEBUG] [net.minecraftforge.fml.config.ConfigFileTypeHandler/CONFIG]: Config file immersivestamina-common.toml changed, sending notifies
[07Aug2026 09:14:44.498] [Thread-3/DEBUG] [net.minecraftforge.fml.config.ConfigFileTypeHandler/CONFIG]: Config file immersivestamina-common.toml changed, sending notifies
[07Aug2026 09:14:44.820] [Forge Version Check/INFO] [net.minecraftforge.fml.VersionChecker/]: [forge] Starting version check at https://files.minecraftforge.net/net/minecraftforge/forge/promotions_slim.json
[07Aug2026 09:14:45.944] [Forge Version Check/DEBUG] [net.minecraftforge.fml.VersionChecker/]: [forge] Received version check data:
{
  "homepage": "https://files.minecraftforge.net/net/minecraftforge/forge/",
  "promos": {
    "1.1-latest": "1.3.4.29",
    "1.2.3-latest": "1.4.1.64",
    "1.2.4-latest": "2.0.0.68",
    "1.2.5-latest": "3.4.9.171",
    "1.3.2-latest": "4.3.5.318",
    "1.4.0-latest": "5.0.0.326",
    "1.4.1-latest": "6.0.0.329",
    "1.4.2-latest": "6.0.1.355",
    "1.4.3-latest": "6.2.1.358",
    "1.4.4-latest": "6.3.0.378",
    "1.4.5-latest": "6.4.2.448",
    "1.4.6-latest": "6.5.0.489",
    "1.4.7-latest": "6.6.2.534",
    "1.5-latest": "7.7.0.598",
    "1.5.1-latest": "7.7.2.682",
    "1.5.2-latest": "7.8.1.738",
    "1.5.2-recommended": "7.8.1.738",
    "1.6.1-latest": "8.9.0.775",
    "1.6.2-latest": "9.10.1.871",
    "1.6.2-recommended": "9.10.1.871",
    "1.6.3-latest": "9.11.0.878",
    "1.6.4-latest": "9.11.1.1345",
    "1.6.4-recommended": "9.11.1.1345",
    "1.7.2-latest": "10.12.2.1161",
    "1.7.2-recommended": "10.12.2.1161",
    "1.7.10-latest": "10.13.4.1614",
    "1.7.10-recommended": "10.13.4.1614",
    "1.8-latest": "11.14.4.1577",
    "1.8-recommended": "11.14.4.1563",
    "1.8.8-latest": "11.15.0.1655",
    "1.8.9-latest": "11.15.1.2318",
    "1.8.9-recommended": "11.15.1.2318",
    "1.9-latest": "12.16.1.1938",
    "1.9-recommended": "12.16.1.1887",
    "1.9.4-latest": "12.17.0.2317",
    "1.9.4-recommended": "12.17.0.2317",
    "1.10-latest": "12.18.0.2000",
    "1.10.2-latest": "12.18.3.2511",
    "1.10.2-recommended": "12.18.3.2511",
    "1.11-latest": "13.19.1.2199",
    "1.11-recommended": "13.19.1.2189",
    "1.11.2-latest": "13.20.1.2588",
    "1.11.2-recommended": "13.20.1.2588",
    "1.12-latest": "14.21.1.2443",
    "1.12-recommended": "14.21.1.2387",
    "1.12.1-latest": "14.22.1.2485",
    "1.12.1-recommended": "14.22.1.2478",
    "1.12.2-latest": "14.23.5.2864",
    "1.12.2-recommended": "14.23.5.2859",
    "1.13.2-latest": "25.0.223",
    "1.14.2-latest": "26.0.63",
    "1.14.3-latest": "27.0.60",
    "1.14.4-latest": "28.2.30",
    "1.14.4-recommended": "28.2.26",
    "1.15-latest": "29.0.4",
    "1.15.1-latest": "30.0.51",
    "1.15.2-latest": "31.2.62",
    "1.15.2-recommended": "31.2.57",
    "1.16.1-latest": "32.0.108",
    "1.16.2-latest": "33.0.61",
    "1.16.3-latest": "34.1.42",
    "1.16.3-recommended": "34.1.0",
    "1.16.4-latest": "35.1.37",
    "1.16.4-recommended": "35.1.4",
    "1.16.5-latest": "36.2.42",
    "1.16.5-recommended": "36.2.34",
    "1.17.1-latest": "37.1.1",
    "1.17.1-recommended": "37.1.1",
    "1.18-latest": "38.0.17",
    "1.18.1-latest": "39.1.2",
    "1.18.1-recommended": "39.1.0",
    "1.18.2-recommended": "40.3.0",
    "1.18.2-latest": "40.3.12",
    "1.19-latest": "41.1.0",
    "1.19-recommended": "41.1.0",
    "1.19.1-latest": "42.0.9",
    "1.19.2-recommended": "43.5.0",
    "1.19.2-latest": "43.5.2",
    "1.19.3-latest": "44.1.23",
    "1.19.3-recommended": "44.1.0",
    "1.19.4-recommended": "45.4.0",
    "1.19.4-latest": "45.4.3",
    "1.20-latest": "46.0.14",
    "1.20.1-recommended": "47.4.10",
    "1.20.1-latest": "47.4.22",
    "1.20.2-latest": "48.1.0",
    "1.20.2-recommended": "48.1.0",
    "1.20.3-latest": "49.0.2",
    "1.20.4-latest": "49.2.8",
    "1.20.4-recommended": "49.2.0",
    "1.20.6-latest": "50.2.10",
    "1.20.6-recommended": "50.2.0",
    "1.21-latest": "51.0.33",
    "1.21.1-latest": "52.1.16",
    "1.21.1-recommended": "52.1.0",
    "1.21.3-latest": "53.1.12",
    "1.21.3-recommended": "53.1.0",
    "1.21.4-latest": "54.1.18",
    "1.21.4-recommended": "54.1.14",
    "1.21.5-latest": "55.1.12",
    "1.21.5-recommended": "55.1.0",
    "1.21.6-latest": "56.0.9",
    "1.21.7-latest": "57.0.3",
    "1.21.8-latest": "58.1.21",
    "1.21.8-recommended": "58.1.0",
    "1.21.9-latest": "59.0.5",
    "1.21.10-latest": "60.1.13",
    "1.21.10-recommended": "60.1.0",
    "1.21.11-latest": "61.2.0",
    "1.21.11-recommended": "61.2.0",
    "26.1-latest": "62.0.9",
    "26.1.1-latest": "63.0.2",
    "26.1.2-latest": "64.1.0",
    "26.1.2-recommended": "64.1.0",
    "26.2-latest": "65.1.0",
    "26.2-recommended": "65.1.0"
  }
}
[07Aug2026 09:14:45.946] [Forge Version Check/INFO] [net.minecraftforge.fml.VersionChecker/]: [forge] Found status: AHEAD Current: 47.4.22 Target: null
[07Aug2026 09:14:47.531] [modloading-worker-0/DEBUG] [net.minecraftforge.registries.GameData/REGISTRIES]: Freezing registries
[07Aug2026 09:14:47.532] [modloading-worker-0/DEBUG] [net.minecraftforge.registries.ForgeRegistry/REGISTRIES]: Registry minecraft:block Sync: FROZEN -> ACTIVE
[07Aug2026 09:14:47.541] [modloading-worker-0/DEBUG] [net.minecraftforge.registries.ForgeRegistry/REGISTRIES]: Registry minecraft:fluid Sync: FROZEN -> ACTIVE
[07Aug2026 09:14:47.541] [modloading-worker-0/DEBUG] [net.minecraftforge.registries.ForgeRegistry/REGISTRIES]: Registry minecraft:item Sync: FROZEN -> ACTIVE
[07Aug2026 09:14:47.549] [modloading-worker-0/DEBUG] [net.minecraftforge.registries.ForgeRegistry/REGISTRIES]: Registry minecraft:mob_effect Sync: FROZEN -> ACTIVE
[07Aug2026 09:14:47.549] [modloading-worker-0/DEBUG] [net.minecraftforge.registries.ForgeRegistry/REGISTRIES]: Registry minecraft:sound_event Sync: FROZEN -> ACTIVE
[07Aug2026 09:14:47.557] [modloading-worker-0/DEBUG] [net.minecraftforge.registries.ForgeRegistry/REGISTRIES]: Registry minecraft:potion Sync: FROZEN -> ACTIVE
[07Aug2026 09:14:47.558] [modloading-worker-0/DEBUG] [net.minecraftforge.registries.ForgeRegistry/REGISTRIES]: Registry minecraft:enchantment Sync: FROZEN -> ACTIVE
[07Aug2026 09:14:47.558] [modloading-worker-0/DEBUG] [net.minecraftforge.registries.ForgeRegistry/REGISTRIES]: Registry minecraft:entity_type Sync: FROZEN -> ACTIVE
[07Aug2026 09:14:47.559] [modloading-worker-0/DEBUG] [net.minecraftforge.registries.ForgeRegistry/REGISTRIES]: Registry minecraft:block_entity_type Sync: FROZEN -> ACTIVE
[07Aug2026 09:14:47.559] [modloading-worker-0/DEBUG] [net.minecraftforge.registries.ForgeRegistry/REGISTRIES]: Registry minecraft:particle_type Sync: FROZEN -> ACTIVE
[07Aug2026 09:14:47.559] [modloading-worker-0/DEBUG] [net.minecraftforge.registries.ForgeRegistry/REGISTRIES]: Registry minecraft:menu Sync: FROZEN -> ACTIVE
[07Aug2026 09:14:47.560] [modloading-worker-0/DEBUG] [net.minecraftforge.registries.ForgeRegistry/REGISTRIES]: Registry minecraft:painting_variant Sync: FROZEN -> ACTIVE
[07Aug2026 09:14:47.560] [modloading-worker-0/DEBUG] [net.minecraftforge.registries.ForgeRegistry/REGISTRIES]: Registry minecraft:recipe_type Sync: FROZEN -> ACTIVE
[07Aug2026 09:14:47.560] [modloading-worker-0/DEBUG] [net.minecraftforge.registries.ForgeRegistry/REGISTRIES]: Registry minecraft:recipe_serializer Sync: FROZEN -> ACTIVE
[07Aug2026 09:14:47.560] [modloading-worker-0/DEBUG] [net.minecraftforge.registries.ForgeRegistry/REGISTRIES]: Registry minecraft:attribute Sync: FROZEN -> ACTIVE
[07Aug2026 09:14:47.560] [modloading-worker-0/DEBUG] [net.minecraftforge.registries.ForgeRegistry/REGISTRIES]: Registry minecraft:stat_type Sync: FROZEN -> ACTIVE
[07Aug2026 09:14:47.560] [modloading-worker-0/DEBUG] [net.minecraftforge.registries.ForgeRegistry/REGISTRIES]: Registry minecraft:command_argument_type Sync: FROZEN -> ACTIVE
[07Aug2026 09:14:47.561] [modloading-worker-0/DEBUG] [net.minecraftforge.registries.ForgeRegistry/REGISTRIES]: Registry minecraft:villager_profession Sync: FROZEN -> ACTIVE
[07Aug2026 09:14:47.561] [modloading-worker-0/DEBUG] [net.minecraftforge.registries.ForgeRegistry/REGISTRIES]: Registry minecraft:point_of_interest_type Sync: FROZEN -> ACTIVE
[07Aug2026 09:14:47.562] [modloading-worker-0/DEBUG] [net.minecraftforge.registries.ForgeRegistry/REGISTRIES]: Registry minecraft:memory_module_type Sync: FROZEN -> ACTIVE
[07Aug2026 09:14:47.563] [modloading-worker-0/DEBUG] [net.minecraftforge.registries.ForgeRegistry/REGISTRIES]: Registry minecraft:sensor_type Sync: FROZEN -> ACTIVE
[07Aug2026 09:14:47.563] [modloading-worker-0/DEBUG] [net.minecraftforge.registries.ForgeRegistry/REGISTRIES]: Registry minecraft:schedule Sync: FROZEN -> ACTIVE
[07Aug2026 09:14:47.564] [modloading-worker-0/DEBUG] [net.minecraftforge.registries.ForgeRegistry/REGISTRIES]: Registry minecraft:activity Sync: FROZEN -> ACTIVE
[07Aug2026 09:14:47.564] [modloading-worker-0/DEBUG] [net.minecraftforge.registries.ForgeRegistry/REGISTRIES]: Registry minecraft:worldgen/carver Sync: FROZEN -> ACTIVE
[07Aug2026 09:14:47.564] [modloading-worker-0/DEBUG] [net.minecraftforge.registries.ForgeRegistry/REGISTRIES]: Registry minecraft:worldgen/feature Sync: FROZEN -> ACTIVE
[07Aug2026 09:14:47.564] [modloading-worker-0/DEBUG] [net.minecraftforge.registries.ForgeRegistry/REGISTRIES]: Registry minecraft:chunk_status Sync: FROZEN -> ACTIVE
[07Aug2026 09:14:47.565] [modloading-worker-0/DEBUG] [net.minecraftforge.registries.ForgeRegistry/REGISTRIES]: Registry minecraft:worldgen/block_state_provider_type Sync: FROZEN -> ACTIVE
[07Aug2026 09:14:47.565] [modloading-worker-0/DEBUG] [net.minecraftforge.registries.ForgeRegistry/REGISTRIES]: Registry minecraft:worldgen/foliage_placer_type Sync: FROZEN -> ACTIVE
[07Aug2026 09:14:47.565] [modloading-worker-0/DEBUG] [net.minecraftforge.registries.ForgeRegistry/REGISTRIES]: Registry minecraft:worldgen/tree_decorator_type Sync: FROZEN -> ACTIVE
[07Aug2026 09:14:47.565] [modloading-worker-0/DEBUG] [net.minecraftforge.registries.ForgeRegistry/REGISTRIES]: Registry minecraft:worldgen/biome Sync: FROZEN -> ACTIVE
[07Aug2026 09:14:47.565] [modloading-worker-0/DEBUG] [net.minecraftforge.registries.ForgeRegistry/REGISTRIES]: Registry forge:entity_data_serializers Sync: FROZEN -> ACTIVE
[07Aug2026 09:14:47.565] [modloading-worker-0/DEBUG] [net.minecraftforge.registries.ForgeRegistry/REGISTRIES]: Registry forge:global_loot_modifier_serializers Sync: FROZEN -> ACTIVE
[07Aug2026 09:14:47.565] [modloading-worker-0/DEBUG] [net.minecraftforge.registries.ForgeRegistry/REGISTRIES]: Registry forge:biome_modifier_serializers Sync: FROZEN -> ACTIVE
[07Aug2026 09:14:47.565] [modloading-worker-0/DEBUG] [net.minecraftforge.registries.ForgeRegistry/REGISTRIES]: Registry forge:fluid_type Sync: FROZEN -> ACTIVE
[07Aug2026 09:14:47.565] [modloading-worker-0/DEBUG] [net.minecraftforge.registries.ForgeRegistry/REGISTRIES]: Registry forge:structure_modifier_serializers Sync: FROZEN -> ACTIVE
[07Aug2026 09:14:47.565] [modloading-worker-0/DEBUG] [net.minecraftforge.registries.ForgeRegistry/REGISTRIES]: Registry forge:holder_set_type Sync: FROZEN -> ACTIVE
[07Aug2026 09:14:47.566] [modloading-worker-0/DEBUG] [net.minecraftforge.registries.ForgeRegistry/REGISTRIES]: Registry forge:display_contexts Sync: FROZEN -> ACTIVE
[07Aug2026 09:14:48.491] [modloading-worker-0/DEBUG] [net.minecraftforge.registries.GameData/REGISTRIES]: All registries frozen
[07Aug2026 09:14:48.525] [Render thread/DEBUG] [net.minecraftforge.common.ForgeI18n/CORE]: Loading I18N data entries: 6444
[07Aug2026 09:14:48.553] [Render thread/WARN] [net.minecraft.client.sounds.SoundEngine/]: Missing sound for event: minecraft:item.goat_horn.play
[07Aug2026 09:14:48.553] [Render thread/WARN] [net.minecraft.client.sounds.SoundEngine/]: Missing sound for event: minecraft:entity.goat.screaming.horn_break
[07Aug2026 09:14:48.669] [Render thread/INFO] [com.mojang.blaze3d.audio.Library/]: OpenAL initialized on device realme Buds T300
[07Aug2026 09:14:48.670] [Render thread/INFO] [net.minecraft.client.sounds.SoundEngine/SOUNDS]: Sound engine started
[07Aug2026 09:14:48.868] [Render thread/INFO] [net.minecraft.client.renderer.texture.TextureAtlas/]: Created: 1024x512x2 minecraft:textures/atlas/blocks.png-atlas
[07Aug2026 09:14:48.882] [Render thread/INFO] [net.minecraft.client.renderer.texture.TextureAtlas/]: Created: 256x256x2 minecraft:textures/atlas/signs.png-atlas
[07Aug2026 09:14:48.884] [Render thread/INFO] [net.minecraft.client.renderer.texture.TextureAtlas/]: Created: 512x512x2 minecraft:textures/atlas/shield_patterns.png-atlas
[07Aug2026 09:14:48.885] [Render thread/INFO] [net.minecraft.client.renderer.texture.TextureAtlas/]: Created: 512x512x2 minecraft:textures/atlas/banner_patterns.png-atlas
[07Aug2026 09:14:48.886] [Render thread/INFO] [net.minecraft.client.renderer.texture.TextureAtlas/]: Created: 1024x1024x2 minecraft:textures/atlas/armor_trims.png-atlas
[07Aug2026 09:14:48.890] [Render thread/INFO] [net.minecraft.client.renderer.texture.TextureAtlas/]: Created: 128x64x2 minecraft:textures/atlas/decorated_pot.png-atlas
[07Aug2026 09:14:48.894] [Render thread/INFO] [net.minecraft.client.renderer.texture.TextureAtlas/]: Created: 256x256x2 minecraft:textures/atlas/chest.png-atlas
[07Aug2026 09:14:48.895] [Render thread/INFO] [net.minecraft.client.renderer.texture.TextureAtlas/]: Created: 512x256x2 minecraft:textures/atlas/shulker_boxes.png-atlas
[07Aug2026 09:14:48.895] [Render thread/INFO] [net.minecraft.client.renderer.texture.TextureAtlas/]: Created: 512x256x2 minecraft:textures/atlas/beds.png-atlas
[07Aug2026 09:14:49.229] [Render thread/WARN] [net.minecraft.client.renderer.ShaderInstance/]: Shader rendertype_entity_translucent_emissive could not find sampler named Sampler2 in the specified shader program.
[07Aug2026 09:14:49.304] [Render thread/INFO] [net.minecraft.client.renderer.texture.TextureAtlas/]: Created: 256x256x0 minecraft:textures/atlas/particles.png-atlas
[07Aug2026 09:14:49.306] [Render thread/INFO] [net.minecraft.client.renderer.texture.TextureAtlas/]: Created: 256x256x0 minecraft:textures/atlas/paintings.png-atlas
[07Aug2026 09:14:49.307] [Render thread/INFO] [net.minecraft.client.renderer.texture.TextureAtlas/]: Created: 128x128x0 minecraft:textures/atlas/mob_effects.png-atlas
[07Aug2026 09:14:50.445] [Realms Notification Availability checker #1/INFO] [com.mojang.realmsclient.client.RealmsClient/]: Could not authorize you against Realms server: java.lang.RuntimeException: Failed to parse into SignedJWT: 0
[07Aug2026 09:15:43.242] [Render thread/DEBUG] [net.minecraftforge.server.ServerLifecycleHooks/CORE]: Generating PackInfo named mod:immersive_stamina for mod file /mnt/AXDISK_EXT4/MCreatorWorkspaces/immersive_stamina/build/classes/java/main
[07Aug2026 09:15:43.242] [Render thread/DEBUG] [net.minecraftforge.server.ServerLifecycleHooks/CORE]: Generating PackInfo named mod:forge for mod file /
[07Aug2026 09:15:44.016] [Render thread/DEBUG] [net.minecraftforge.coremod.transformer.CoreModBaseTransformer/COREMOD]: Transforming net/minecraft/server/commands/SummonCommand
[07Aug2026 09:15:44.281] [Worker-Main-4/DEBUG] [net.minecraftforge.coremod.transformer.CoreModBaseTransformer/COREMOD]: Transforming net/minecraft/world/entity/raid/Raid
[07Aug2026 09:15:44.489] [Render thread/INFO] [net.minecraft.world.item.crafting.RecipeManager/]: Loaded 7 recipes
[07Aug2026 09:15:44.619] [Render thread/INFO] [net.minecraft.advancements.AdvancementList/]: Loaded 1271 advancements
[07Aug2026 09:16:06.116] [Render thread/DEBUG] [net.minecraftforge.server.ServerLifecycleHooks/CORE]: Generating PackInfo named mod:immersive_stamina for mod file /mnt/AXDISK_EXT4/MCreatorWorkspaces/immersive_stamina/build/classes/java/main
[07Aug2026 09:16:06.116] [Render thread/DEBUG] [net.minecraftforge.server.ServerLifecycleHooks/CORE]: Generating PackInfo named mod:forge for mod file /
[07Aug2026 09:16:06.133] [Render thread/DEBUG] [net.minecraftforge.common.ForgeHooks/WP]: Gathering id map for writing to world save New World
[07Aug2026 09:16:06.151] [Render thread/DEBUG] [net.minecraftforge.common.ForgeHooks/WP]: ID Map collection complete New World
[07Aug2026 09:16:06.192] [Server thread/INFO] [net.minecraft.client.server.IntegratedServer/]: Starting integrated minecraft server version 1.20.1
[07Aug2026 09:16:06.193] [Server thread/INFO] [net.minecraft.server.MinecraftServer/]: Generating keypair
[07Aug2026 09:16:06.275] [Server thread/DEBUG] [net.minecraftforge.fml.config.ConfigTracker/CONFIG]: Loading configs type SERVER
[07Aug2026 09:16:06.276] [Server thread/DEBUG] [net.minecraftforge.fml.config.ConfigFileTypeHandler/CONFIG]: Built TOML config for ./saves/New World/serverconfig/forge-server.toml
[07Aug2026 09:16:06.276] [Server thread/DEBUG] [net.minecraftforge.fml.config.ConfigFileTypeHandler/CONFIG]: Loaded TOML config file ./saves/New World/serverconfig/forge-server.toml
[07Aug2026 09:16:06.277] [Server thread/DEBUG] [net.minecraftforge.fml.config.ConfigFileTypeHandler/CONFIG]: Watching TOML config file ./saves/New World/serverconfig/forge-server.toml for changes
[07Aug2026 09:16:06.277] [Server thread/WARN] [net.minecraftforge.common.ForgeConfigSpec/CORE]: Configuration file ./saves/New World/serverconfig/forge-server.toml is not correct. Correcting
[07Aug2026 09:16:06.278] [Server thread/WARN] [net.minecraftforge.common.ForgeConfigSpec/CORE]: Incorrect key server was corrected from null to its default, SimpleCommentedConfig:{}. 
[07Aug2026 09:16:06.278] [Server thread/WARN] [net.minecraftforge.common.ForgeConfigSpec/CORE]: Incorrect key server.removeErroringBlockEntities was corrected from null to its default, false. 
[07Aug2026 09:16:06.278] [Server thread/DEBUG] [net.minecraftforge.common.ForgeConfigSpec/CORE]: The comment on key server.removeErroringBlockEntities does not match the spec. This may create a backup.
[07Aug2026 09:16:06.278] [Server thread/WARN] [net.minecraftforge.common.ForgeConfigSpec/CORE]: Incorrect key server.removeErroringEntities was corrected from null to its default, false. 
[07Aug2026 09:16:06.278] [Server thread/DEBUG] [net.minecraftforge.common.ForgeConfigSpec/CORE]: The comment on key server.removeErroringEntities does not match the spec. This may create a backup.
[07Aug2026 09:16:06.278] [Server thread/WARN] [net.minecraftforge.common.ForgeConfigSpec/CORE]: Incorrect key server.fullBoundingBoxLadders was corrected from null to its default, false. 
[07Aug2026 09:16:06.278] [Server thread/DEBUG] [net.minecraftforge.common.ForgeConfigSpec/CORE]: The comment on key server.fullBoundingBoxLadders does not match the spec. This may create a backup.
[07Aug2026 09:16:06.278] [Server thread/WARN] [net.minecraftforge.common.ForgeConfigSpec/CORE]: Incorrect key server.zombieBaseSummonChance was corrected from null to its default, 0.1. 
[07Aug2026 09:16:06.278] [Server thread/DEBUG] [net.minecraftforge.common.ForgeConfigSpec/CORE]: The comment on key server.zombieBaseSummonChance does not match the spec. This may create a backup.
[07Aug2026 09:16:06.278] [Server thread/WARN] [net.minecraftforge.common.ForgeConfigSpec/CORE]: Incorrect key server.zombieBabyChance was corrected from null to its default, 0.05. 
[07Aug2026 09:16:06.279] [Server thread/DEBUG] [net.minecraftforge.common.ForgeConfigSpec/CORE]: The comment on key server.zombieBabyChance does not match the spec. This may create a backup.
[07Aug2026 09:16:06.279] [Server thread/WARN] [net.minecraftforge.common.ForgeConfigSpec/CORE]: Incorrect key server.permissionHandler was corrected from null to its default, forge:default_handler. 
[07Aug2026 09:16:06.279] [Server thread/DEBUG] [net.minecraftforge.common.ForgeConfigSpec/CORE]: The comment on key server.permissionHandler does not match the spec. This may create a backup.
[07Aug2026 09:16:06.279] [Server thread/WARN] [net.minecraftforge.common.ForgeConfigSpec/CORE]: Incorrect key server.advertiseDedicatedServerToLan was corrected from null to its default, true. 
[07Aug2026 09:16:06.279] [Server thread/DEBUG] [net.minecraftforge.common.ForgeConfigSpec/CORE]: The comment on key server.advertiseDedicatedServerToLan does not match the spec. This may create a backup.
[07Aug2026 09:16:06.279] [Server thread/WARN] [net.minecraftforge.common.ForgeConfigSpec/CORE]: Incorrect key server.useItemWithDurationZero was corrected from null to its default, false. 
[07Aug2026 09:16:06.279] [Server thread/DEBUG] [net.minecraftforge.common.ForgeConfigSpec/CORE]: The comment on key server.useItemWithDurationZero does not match the spec. This may create a backup.
[07Aug2026 09:16:06.279] [Server thread/DEBUG] [net.minecraftforge.common.ForgeConfigSpec/CORE]: The comment on key server does not match the spec. This may create a backup.
[07Aug2026 09:16:06.280] [Thread-3/DEBUG] [net.minecraftforge.fml.config.ConfigFileTypeHandler/CONFIG]: Config file forge-server.toml changed, sending notifies
[07Aug2026 09:16:06.281] [Thread-3/DEBUG] [net.minecraftforge.common.ForgeConfig/FORGEMOD]: Forge config just got changed on the file system!
[07Aug2026 09:16:06.281] [Thread-3/DEBUG] [net.minecraftforge.fml.config.ConfigFileTypeHandler/CONFIG]: Config file forge-server.toml changed, sending notifies
[07Aug2026 09:16:06.281] [Thread-3/DEBUG] [net.minecraftforge.common.ForgeConfig/FORGEMOD]: Forge config just got changed on the file system!
[07Aug2026 09:16:06.281] [Server thread/DEBUG] [net.minecraftforge.common.ForgeConfig/FORGEMOD]: Loaded forge config file forge-server.toml
[07Aug2026 09:16:06.281] [Thread-3/DEBUG] [net.minecraftforge.fml.config.ConfigFileTypeHandler/CONFIG]: Config file forge-server.toml changed, sending notifies
[07Aug2026 09:16:06.281] [Thread-3/DEBUG] [net.minecraftforge.common.ForgeConfig/FORGEMOD]: Forge config just got changed on the file system!
[07Aug2026 09:16:06.282] [Thread-3/DEBUG] [net.minecraftforge.fml.config.ConfigFileTypeHandler/CONFIG]: Config file forge-server.toml changed, sending notifies
[07Aug2026 09:16:06.282] [Thread-3/DEBUG] [net.minecraftforge.common.ForgeConfig/FORGEMOD]: Forge config just got changed on the file system!
[07Aug2026 09:16:06.283] [Thread-3/DEBUG] [net.minecraftforge.fml.config.ConfigFileTypeHandler/CONFIG]: Config file forge-server.toml changed, sending notifies
[07Aug2026 09:16:06.283] [Thread-3/DEBUG] [net.minecraftforge.common.ForgeConfig/FORGEMOD]: Forge config just got changed on the file system!
[07Aug2026 09:16:06.316] [Server thread/DEBUG] [net.minecraftforge.coremod.transformer.CoreModBaseTransformer/COREMOD]: Transforming net/minecraft/world/level/levelgen/PhantomSpawner
[07Aug2026 09:16:06.322] [Server thread/DEBUG] [net.minecraftforge.coremod.transformer.CoreModBaseTransformer/COREMOD]: Transforming net/minecraft/world/level/levelgen/PatrolSpawner
[07Aug2026 09:16:06.329] [Server thread/DEBUG] [net.minecraftforge.coremod.transformer.CoreModBaseTransformer/COREMOD]: Transforming net/minecraft/world/entity/npc/CatSpawner
[07Aug2026 09:16:06.333] [Server thread/DEBUG] [net.minecraftforge.coremod.transformer.CoreModBaseTransformer/COREMOD]: Transforming net/minecraft/world/entity/ai/village/VillageSiege
[07Aug2026 09:16:07.039] [Server thread/INFO] [net.minecraft.server.MinecraftServer/]: Preparing start region for dimension minecraft:overworld
[07Aug2026 09:16:07.589] [Render thread/INFO] [net.minecraft.server.level.progress.LoggerChunkProgressListener/]: Preparing spawn area: 0%
[07Aug2026 09:16:07.590] [Render thread/INFO] [net.minecraft.server.level.progress.LoggerChunkProgressListener/]: Preparing spawn area: 0%
[07Aug2026 09:16:08.063] [Render thread/INFO] [net.minecraft.server.level.progress.LoggerChunkProgressListener/]: Preparing spawn area: 17%
[07Aug2026 09:16:08.568] [Render thread/INFO] [net.minecraft.server.level.progress.LoggerChunkProgressListener/]: Preparing spawn area: 69%
[07Aug2026 09:16:08.756] [Server thread/INFO] [net.minecraftforge.server.permission.PermissionAPI/]: Successfully initialized permission handler forge:default_handler
[07Aug2026 09:16:08.756] [Render thread/INFO] [net.minecraft.server.level.progress.LoggerChunkProgressListener/]: Time elapsed: 1702 ms
[07Aug2026 09:16:08.784] [Server thread/DEBUG] [io.netty.buffer.AbstractByteBuf/]: -Dio.netty.buffer.checkAccessible: true
[07Aug2026 09:16:08.784] [Server thread/DEBUG] [io.netty.buffer.AbstractByteBuf/]: -Dio.netty.buffer.checkBounds: true
[07Aug2026 09:16:08.784] [Server thread/DEBUG] [io.netty.util.ResourceLeakDetectorFactory/]: Loaded default ResourceLeakDetector: io.netty.util.ResourceLeakDetector@3048dde6
[07Aug2026 09:16:08.801] [Server thread/DEBUG] [net.minecraftforge.coremod.transformer.CoreModBaseTransformer/COREMOD]: Transforming net/minecraft/world/level/NaturalSpawner
[07Aug2026 09:16:08.838] [Server thread/INFO] [net.minecraft.client.server.IntegratedServer/]: Changing view distance to 16, from 10
[07Aug2026 09:16:08.842] [Server thread/INFO] [net.minecraft.client.server.IntegratedServer/]: Changing simulation distance to 12, from 0
[07Aug2026 09:16:08.871] [Render thread/DEBUG] [io.netty.channel.MultithreadEventLoopGroup/]: -Dio.netty.eventLoopThreads: 16
[07Aug2026 09:16:08.888] [Render thread/DEBUG] [io.netty.util.internal.InternalThreadLocalMap/]: -Dio.netty.threadLocalMap.stringBuilder.initialSize: 1024
[07Aug2026 09:16:08.888] [Render thread/DEBUG] [io.netty.util.internal.InternalThreadLocalMap/]: -Dio.netty.threadLocalMap.stringBuilder.maxSize: 4096
[07Aug2026 09:16:08.893] [Render thread/DEBUG] [io.netty.channel.nio.NioEventLoop/]: -Dio.netty.noKeySetOptimization: false
[07Aug2026 09:16:08.893] [Render thread/DEBUG] [io.netty.channel.nio.NioEventLoop/]: -Dio.netty.selectorAutoRebuildThreshold: 512
[07Aug2026 09:16:08.908] [Render thread/DEBUG] [io.netty.util.internal.PlatformDependent/]: org.jctools-core.MpscChunkedArrayQueue: available
[07Aug2026 09:16:08.953] [Render thread/DEBUG] [io.netty.channel.DefaultChannelId/]: -Dio.netty.processId: 69896 (auto-detected)
[07Aug2026 09:16:08.955] [Render thread/WARN] [io.netty.util.internal.SystemPropertyUtil/]: Unable to parse the boolean system property 'java.net.preferIPv6Addresses':system - using the default value: false
[07Aug2026 09:16:08.955] [Render thread/DEBUG] [io.netty.util.NetUtil/]: -Djava.net.preferIPv4Stack: false
[07Aug2026 09:16:08.956] [Render thread/DEBUG] [io.netty.util.NetUtil/]: -Djava.net.preferIPv6Addresses: false
[07Aug2026 09:16:08.957] [Render thread/DEBUG] [io.netty.util.NetUtilInitializations/]: Loopback interface: lo (lo, 0:0:0:0:0:0:0:1%lo)
[07Aug2026 09:16:08.960] [Render thread/DEBUG] [io.netty.util.NetUtil/]: /proc/sys/net/core/somaxconn: 4096
[07Aug2026 09:16:08.961] [Render thread/DEBUG] [io.netty.channel.DefaultChannelId/]: -Dio.netty.machineId: e0:3f:49:ff:fe:46:98:dc (auto-detected)
[07Aug2026 09:16:08.984] [Render thread/DEBUG] [io.netty.buffer.PooledByteBufAllocator/]: -Dio.netty.allocator.numHeapArenas: 16
[07Aug2026 09:16:08.984] [Render thread/DEBUG] [io.netty.buffer.PooledByteBufAllocator/]: -Dio.netty.allocator.numDirectArenas: 16
[07Aug2026 09:16:08.984] [Render thread/DEBUG] [io.netty.buffer.PooledByteBufAllocator/]: -Dio.netty.allocator.pageSize: 8192
[07Aug2026 09:16:08.984] [Render thread/DEBUG] [io.netty.buffer.PooledByteBufAllocator/]: -Dio.netty.allocator.maxOrder: 9
[07Aug2026 09:16:08.984] [Render thread/DEBUG] [io.netty.buffer.PooledByteBufAllocator/]: -Dio.netty.allocator.chunkSize: 4194304
[07Aug2026 09:16:08.984] [Render thread/DEBUG] [io.netty.buffer.PooledByteBufAllocator/]: -Dio.netty.allocator.smallCacheSize: 256
[07Aug2026 09:16:08.984] [Render thread/DEBUG] [io.netty.buffer.PooledByteBufAllocator/]: -Dio.netty.allocator.normalCacheSize: 64
[07Aug2026 09:16:08.984] [Render thread/DEBUG] [io.netty.buffer.PooledByteBufAllocator/]: -Dio.netty.allocator.maxCachedBufferCapacity: 32768
[07Aug2026 09:16:08.984] [Render thread/DEBUG] [io.netty.buffer.PooledByteBufAllocator/]: -Dio.netty.allocator.cacheTrimInterval: 8192
[07Aug2026 09:16:08.984] [Render thread/DEBUG] [io.netty.buffer.PooledByteBufAllocator/]: -Dio.netty.allocator.cacheTrimIntervalMillis: 0
[07Aug2026 09:16:08.984] [Render thread/DEBUG] [io.netty.buffer.PooledByteBufAllocator/]: -Dio.netty.allocator.useCacheForAllThreads: false
[07Aug2026 09:16:08.984] [Render thread/DEBUG] [io.netty.buffer.PooledByteBufAllocator/]: -Dio.netty.allocator.maxCachedByteBuffersPerChunk: 1023
[07Aug2026 09:16:08.997] [Render thread/DEBUG] [io.netty.buffer.ByteBufUtil/]: -Dio.netty.allocator.type: pooled
[07Aug2026 09:16:08.998] [Render thread/DEBUG] [io.netty.buffer.ByteBufUtil/]: -Dio.netty.threadLocalDirectBufferSize: 0
[07Aug2026 09:16:08.998] [Render thread/DEBUG] [io.netty.buffer.ByteBufUtil/]: -Dio.netty.maxThreadLocalCharBufferSize: 16384
[07Aug2026 09:16:09.034] [Netty Local Client IO #0/DEBUG] [net.minecraftforge.network.HandshakeHandler/FMLHANDSHAKE]: Starting local connection.
[07Aug2026 09:16:09.137] [Netty Local Client IO #0/DEBUG] [io.netty.util.Recycler/]: -Dio.netty.recycler.maxCapacityPerThread: 4096
[07Aug2026 09:16:09.137] [Netty Local Client IO #0/DEBUG] [io.netty.util.Recycler/]: -Dio.netty.recycler.ratio: 8
[07Aug2026 09:16:09.137] [Netty Local Client IO #0/DEBUG] [io.netty.util.Recycler/]: -Dio.netty.recycler.chunkSize: 32
[07Aug2026 09:16:09.137] [Netty Local Client IO #0/DEBUG] [io.netty.util.Recycler/]: -Dio.netty.recycler.blocking: false
[07Aug2026 09:16:09.146] [Netty Server IO #1/DEBUG] [net.minecraftforge.network.HandshakeHandler/FMLHANDSHAKE]: Starting local connection.
[07Aug2026 09:16:09.174] [Server thread/DEBUG] [net.minecraftforge.network.HandshakeHandler/FMLHANDSHAKE]: Sending ticking packet info 'net.minecraftforge.network.HandshakeMessages$S2CModData' to 'fml:handshake' sequence 0
[07Aug2026 09:16:09.180] [Netty Local Client IO #0/DEBUG] [net.minecraftforge.network.LoginWrapper/FMLHANDSHAKE]: Recieved login wrapper packet event for channel fml:handshake with index 0
[07Aug2026 09:16:09.224] [Server thread/DEBUG] [net.minecraftforge.network.HandshakeHandler/FMLHANDSHAKE]: Sending ticking packet info 'net.minecraftforge.network.HandshakeMessages$S2CModList' to 'fml:handshake' sequence 1
[07Aug2026 09:16:09.225] [Netty Local Client IO #0/DEBUG] [net.minecraftforge.network.LoginWrapper/FMLHANDSHAKE]: Recieved login wrapper packet event for channel fml:handshake with index 1
[07Aug2026 09:16:09.226] [Netty Local Client IO #0/DEBUG] [net.minecraftforge.network.HandshakeHandler/FMLHANDSHAKE]: Logging into server with mod list [minecraft, immersive_stamina, forge]
[07Aug2026 09:16:09.226] [Netty Local Client IO #0/DEBUG] [net.minecraftforge.network.NetworkRegistry/NETREGISTRY]: Channel 'fml:loginwrapper' : Version test of 'FML3' from server : ACCEPTED
[07Aug2026 09:16:09.226] [Netty Local Client IO #0/DEBUG] [net.minecraftforge.network.NetworkRegistry/NETREGISTRY]: Channel 'forge:tier_sorting' : Version test of '1.0' from server : ACCEPTED
[07Aug2026 09:16:09.226] [Netty Local Client IO #0/DEBUG] [net.minecraftforge.network.NetworkRegistry/NETREGISTRY]: Channel 'fml:handshake' : Version test of 'FML3' from server : ACCEPTED
[07Aug2026 09:16:09.226] [Netty Local Client IO #0/DEBUG] [net.minecraftforge.network.NetworkRegistry/NETREGISTRY]: Channel 'immersive_stamina:immersive_stamina' : Version test of '1' from server : ACCEPTED
[07Aug2026 09:16:09.226] [Netty Local Client IO #0/DEBUG] [net.minecraftforge.network.NetworkRegistry/NETREGISTRY]: Channel 'minecraft:unregister' : Version test of 'FML3' from server : ACCEPTED
[07Aug2026 09:16:09.226] [Netty Local Client IO #0/DEBUG] [net.minecraftforge.network.NetworkRegistry/NETREGISTRY]: Channel 'fml:play' : Version test of 'FML3' from server : ACCEPTED
[07Aug2026 09:16:09.226] [Netty Local Client IO #0/DEBUG] [net.minecraftforge.network.NetworkRegistry/NETREGISTRY]: Channel 'minecraft:register' : Version test of 'FML3' from server : ACCEPTED
[07Aug2026 09:16:09.226] [Netty Local Client IO #0/DEBUG] [net.minecraftforge.network.NetworkRegistry/NETREGISTRY]: Channel 'forge:split' : Version test of '1.1' from server : ACCEPTED
[07Aug2026 09:16:09.227] [Netty Local Client IO #0/DEBUG] [net.minecraftforge.network.NetworkRegistry/NETREGISTRY]: Accepting channel list from server
[07Aug2026 09:16:09.227] [Netty Local Client IO #0/DEBUG] [net.minecraftforge.network.LoginWrapper/FMLHANDSHAKE]: Dispatching wrapped packet reply for channel fml:handshake with index 1
[07Aug2026 09:16:09.227] [Netty Local Client IO #0/DEBUG] [net.minecraftforge.network.HandshakeHandler/FMLHANDSHAKE]: Accepted server connection
[07Aug2026 09:16:09.228] [Netty Server IO #1/DEBUG] [net.minecraftforge.network.LoginWrapper/FMLHANDSHAKE]: Recieved login wrapper packet event for channel fml:handshake with index 1
[07Aug2026 09:16:09.228] [Netty Local Client IO #0/DEBUG] [net.minecraftforge.network.HandshakeHandler/REGISTRIES]: Expecting 19 registries: [minecraft:command_argument_type, minecraft:recipe_serializer, minecraft:sound_event, minecraft:particle_type, minecraft:villager_profession, minecraft:item, minecraft:potion, minecraft:painting_variant, forge:fluid_type, minecraft:block_entity_type, forge:display_contexts, minecraft:block, forge:entity_data_serializers, minecraft:mob_effect, minecraft:stat_type, minecraft:menu, minecraft:enchantment, minecraft:fluid, minecraft:entity_type]
[07Aug2026 09:16:09.228] [Netty Server IO #1/DEBUG] [net.minecraftforge.network.HandshakeHandler/FMLHANDSHAKE]: Received client indexed reply 1 of type net.minecraftforge.network.HandshakeMessages$C2SModListReply
[07Aug2026 09:16:09.228] [Netty Server IO #1/DEBUG] [net.minecraftforge.network.HandshakeHandler/FMLHANDSHAKE]: Received client connection with modlist [minecraft, immersive_stamina, forge]
[07Aug2026 09:16:09.228] [Netty Server IO #1/DEBUG] [net.minecraftforge.network.NetworkRegistry/NETREGISTRY]: Channel 'fml:loginwrapper' : Version test of 'FML3' from client : ACCEPTED
[07Aug2026 09:16:09.228] [Netty Server IO #1/DEBUG] [net.minecraftforge.network.NetworkRegistry/NETREGISTRY]: Channel 'forge:tier_sorting' : Version test of '1.0' from client : ACCEPTED
[07Aug2026 09:16:09.229] [Netty Server IO #1/DEBUG] [net.minecraftforge.network.NetworkRegistry/NETREGISTRY]: Channel 'fml:handshake' : Version test of 'FML3' from client : ACCEPTED
[07Aug2026 09:16:09.229] [Netty Server IO #1/DEBUG] [net.minecraftforge.network.NetworkRegistry/NETREGISTRY]: Channel 'immersive_stamina:immersive_stamina' : Version test of '1' from client : ACCEPTED
[07Aug2026 09:16:09.229] [Netty Server IO #1/DEBUG] [net.minecraftforge.network.NetworkRegistry/NETREGISTRY]: Channel 'minecraft:unregister' : Version test of 'FML3' from client : ACCEPTED
[07Aug2026 09:16:09.229] [Netty Server IO #1/DEBUG] [net.minecraftforge.network.NetworkRegistry/NETREGISTRY]: Channel 'fml:play' : Version test of 'FML3' from client : ACCEPTED
[07Aug2026 09:16:09.229] [Netty Server IO #1/DEBUG] [net.minecraftforge.network.NetworkRegistry/NETREGISTRY]: Channel 'minecraft:register' : Version test of 'FML3' from client : ACCEPTED
[07Aug2026 09:16:09.229] [Netty Server IO #1/DEBUG] [net.minecraftforge.network.NetworkRegistry/NETREGISTRY]: Channel 'forge:split' : Version test of '1.1' from client : ACCEPTED
[07Aug2026 09:16:09.229] [Netty Server IO #1/DEBUG] [net.minecraftforge.network.NetworkRegistry/NETREGISTRY]: Accepting channel list from client
[07Aug2026 09:16:09.229] [Netty Server IO #1/DEBUG] [net.minecraftforge.network.HandshakeHandler/FMLHANDSHAKE]: Accepted client connection mod list
[07Aug2026 09:16:09.272] [Server thread/DEBUG] [net.minecraftforge.network.HandshakeHandler/FMLHANDSHAKE]: Sending ticking packet info 'Config forge-server.toml' to 'fml:handshake' sequence 2
[07Aug2026 09:16:09.273] [Netty Local Client IO #0/DEBUG] [net.minecraftforge.network.LoginWrapper/FMLHANDSHAKE]: Recieved login wrapper packet event for channel fml:handshake with index 2
[07Aug2026 09:16:09.273] [Netty Local Client IO #0/DEBUG] [net.minecraftforge.network.HandshakeHandler/FMLHANDSHAKE]: Received config sync from server
[07Aug2026 09:16:09.273] [Netty Local Client IO #0/DEBUG] [net.minecraftforge.network.LoginWrapper/FMLHANDSHAKE]: Dispatching wrapped packet reply for channel fml:handshake with index 2
[07Aug2026 09:16:09.274] [Netty Server IO #1/DEBUG] [net.minecraftforge.network.LoginWrapper/FMLHANDSHAKE]: Recieved login wrapper packet event for channel fml:handshake with index 2
[07Aug2026 09:16:09.274] [Netty Server IO #1/DEBUG] [net.minecraftforge.network.HandshakeHandler/FMLHANDSHAKE]: Received client indexed reply 2 of type net.minecraftforge.network.HandshakeMessages$C2SAcknowledge
[07Aug2026 09:16:09.274] [Netty Server IO #1/DEBUG] [net.minecraftforge.network.HandshakeHandler/FMLHANDSHAKE]: Received acknowledgement from client
[07Aug2026 09:16:09.323] [Server thread/DEBUG] [net.minecraftforge.network.HandshakeHandler/FMLHANDSHAKE]: Handshake complete!
[07Aug2026 09:16:09.375] [Netty Local Client IO #0/INFO] [net.minecraftforge.network.NetworkHooks/]: Connected to a modded server.
[07Aug2026 09:16:09.430] [Server thread/INFO] [net.minecraft.server.players.PlayerList/]: Dev[local:E:b32314dc] logged in with entity id 1 at (-7.5, -60.0, -3.5)
[07Aug2026 09:16:09.503] [Server thread/INFO] [net.minecraft.server.MinecraftServer/]: Dev joined the game
[07Aug2026 09:16:10.204] [Render thread/INFO] [net.minecraft.advancements.AdvancementList/]: Loaded 2 advancements
[07Aug2026 09:16:10.557] [Server thread/INFO] [net.minecraft.client.server.IntegratedServer/]: Saving and pausing game...
[07Aug2026 09:16:10.578] [Server thread/INFO] [net.minecraft.server.MinecraftServer/]: Saving chunks for level 'ServerLevel[New World]'/minecraft:overworld
[07Aug2026 09:16:10.832] [Server thread/INFO] [net.minecraft.server.MinecraftServer/]: Saving chunks for level 'ServerLevel[New World]'/minecraft:the_nether
[07Aug2026 09:16:10.833] [Server thread/INFO] [net.minecraft.server.MinecraftServer/]: Saving chunks for level 'ServerLevel[New World]'/minecraft:the_end
[07Aug2026 09:16:10.837] [Server thread/DEBUG] [net.minecraftforge.common.ForgeHooks/WP]: Gathering id map for writing to world save New World
[07Aug2026 09:16:10.855] [Server thread/DEBUG] [net.minecraftforge.common.ForgeHooks/WP]: ID Map collection complete New World
[07Aug2026 09:16:23.698] [Server thread/INFO] [net.minecraft.server.MinecraftServer/]: [Dev: Set own game mode to Survival Mode]
[07Aug2026 09:16:23.702] [Render thread/INFO] [net.minecraft.client.gui.components.ChatComponent/]: [System] [CHAT] Set own game mode to Survival Mode
[07Aug2026 09:16:49.205] [Server thread/INFO] [net.minecraft.client.server.IntegratedServer/]: Saving and pausing game...
[07Aug2026 09:16:49.207] [Server thread/INFO] [net.minecraft.server.MinecraftServer/]: Saving chunks for level 'ServerLevel[New World]'/minecraft:overworld
[07Aug2026 09:16:49.211] [Server thread/INFO] [net.minecraft.server.MinecraftServer/]: Saving chunks for level 'ServerLevel[New World]'/minecraft:the_nether
[07Aug2026 09:16:49.211] [Server thread/INFO] [net.minecraft.server.MinecraftServer/]: Saving chunks for level 'ServerLevel[New World]'/minecraft:the_end
[07Aug2026 09:16:49.213] [Server thread/DEBUG] [net.minecraftforge.common.ForgeHooks/WP]: Gathering id map for writing to world save New World
[07Aug2026 09:16:49.219] [Server thread/DEBUG] [net.minecraftforge.common.ForgeHooks/WP]: ID Map collection complete New World
[07Aug2026 09:16:50.209] [Server thread/INFO] [net.minecraft.server.network.ServerGamePacketListenerImpl/]: Dev lost connection: Disconnected
[07Aug2026 09:16:50.209] [Server thread/INFO] [net.minecraft.server.MinecraftServer/]: Dev left the game
[07Aug2026 09:16:50.215] [Server thread/INFO] [net.minecraft.server.network.ServerGamePacketListenerImpl/]: Stopping singleplayer server as player logged out
[07Aug2026 09:16:50.265] [Server thread/INFO] [net.minecraft.server.MinecraftServer/]: Stopping server
[07Aug2026 09:16:50.266] [Server thread/INFO] [net.minecraft.server.MinecraftServer/]: Saving players
[07Aug2026 09:16:50.266] [Server thread/INFO] [net.minecraft.server.MinecraftServer/]: Saving worlds
[07Aug2026 09:16:51.151] [Server thread/INFO] [net.minecraft.server.MinecraftServer/]: Saving chunks for level 'ServerLevel[New World]'/minecraft:overworld
[07Aug2026 09:16:51.444] [Server thread/INFO] [net.minecraft.server.MinecraftServer/]: Saving chunks for level 'ServerLevel[New World]'/minecraft:the_nether
[07Aug2026 09:16:51.445] [Server thread/INFO] [net.minecraft.server.MinecraftServer/]: Saving chunks for level 'ServerLevel[New World]'/minecraft:the_end
[07Aug2026 09:16:51.447] [Server thread/DEBUG] [net.minecraftforge.common.ForgeHooks/WP]: Gathering id map for writing to world save New World
[07Aug2026 09:16:51.452] [Server thread/DEBUG] [net.minecraftforge.common.ForgeHooks/WP]: ID Map collection complete New World
[07Aug2026 09:16:51.460] [Server thread/INFO] [net.minecraft.server.MinecraftServer/]: ThreadedAnvilChunkStorage (New World): All chunks are saved
[07Aug2026 09:16:51.460] [Server thread/INFO] [net.minecraft.server.MinecraftServer/]: ThreadedAnvilChunkStorage (DIM-1): All chunks are saved
[07Aug2026 09:16:51.460] [Server thread/INFO] [net.minecraft.server.MinecraftServer/]: ThreadedAnvilChunkStorage (DIM1): All chunks are saved
[07Aug2026 09:16:51.460] [Server thread/INFO] [net.minecraft.server.MinecraftServer/]: ThreadedAnvilChunkStorage: All dimensions are saved
[07Aug2026 09:16:51.697] [Server thread/DEBUG] [net.minecraftforge.registries.GameData/REGISTRIES]: Reverting to FROZEN data state.
[07Aug2026 09:16:51.698] [Server thread/DEBUG] [net.minecraftforge.registries.ForgeRegistry/REGISTRIES]: Registry minecraft:block Sync: ACTIVE -> FROZEN
[07Aug2026 09:16:51.705] [Server thread/DEBUG] [net.minecraftforge.registries.ForgeRegistry/REGISTRIES]: Registry minecraft:fluid Sync: ACTIVE -> FROZEN
[07Aug2026 09:16:51.705] [Server thread/DEBUG] [net.minecraftforge.registries.ForgeRegistry/REGISTRIES]: Registry minecraft:item Sync: ACTIVE -> FROZEN
[07Aug2026 09:16:51.715] [Server thread/DEBUG] [net.minecraftforge.registries.ForgeRegistry/REGISTRIES]: Registry minecraft:mob_effect Sync: ACTIVE -> FROZEN
[07Aug2026 09:16:51.715] [Server thread/DEBUG] [net.minecraftforge.registries.ForgeRegistry/REGISTRIES]: Registry minecraft:sound_event Sync: ACTIVE -> FROZEN
[07Aug2026 09:16:51.725] [Server thread/DEBUG] [net.minecraftforge.registries.ForgeRegistry/REGISTRIES]: Registry minecraft:potion Sync: ACTIVE -> FROZEN
[07Aug2026 09:16:51.725] [Server thread/DEBUG] [net.minecraftforge.registries.ForgeRegistry/REGISTRIES]: Registry minecraft:enchantment Sync: ACTIVE -> FROZEN
[07Aug2026 09:16:51.725] [Server thread/DEBUG] [net.minecraftforge.registries.ForgeRegistry/REGISTRIES]: Registry minecraft:entity_type Sync: ACTIVE -> FROZEN
[07Aug2026 09:16:51.726] [Server thread/DEBUG] [net.minecraftforge.registries.ForgeRegistry/REGISTRIES]: Registry minecraft:block_entity_type Sync: ACTIVE -> FROZEN
[07Aug2026 09:16:51.727] [Server thread/DEBUG] [net.minecraftforge.registries.ForgeRegistry/REGISTRIES]: Registry minecraft:particle_type Sync: ACTIVE -> FROZEN
[07Aug2026 09:16:51.727] [Server thread/DEBUG] [net.minecraftforge.registries.ForgeRegistry/REGISTRIES]: Registry minecraft:menu Sync: ACTIVE -> FROZEN
[07Aug2026 09:16:51.727] [Server thread/DEBUG] [net.minecraftforge.registries.ForgeRegistry/REGISTRIES]: Registry minecraft:painting_variant Sync: ACTIVE -> FROZEN
[07Aug2026 09:16:51.728] [Server thread/DEBUG] [net.minecraftforge.registries.ForgeRegistry/REGISTRIES]: Registry minecraft:recipe_type Sync: ACTIVE -> FROZEN
[07Aug2026 09:16:51.728] [Server thread/DEBUG] [net.minecraftforge.registries.ForgeRegistry/REGISTRIES]: Registry minecraft:recipe_serializer Sync: ACTIVE -> FROZEN
[07Aug2026 09:16:51.728] [Server thread/DEBUG] [net.minecraftforge.registries.ForgeRegistry/REGISTRIES]: Registry minecraft:attribute Sync: ACTIVE -> FROZEN
[07Aug2026 09:16:51.728] [Server thread/DEBUG] [net.minecraftforge.registries.ForgeRegistry/REGISTRIES]: Registry minecraft:stat_type Sync: ACTIVE -> FROZEN
[07Aug2026 09:16:51.728] [Server thread/DEBUG] [net.minecraftforge.registries.ForgeRegistry/REGISTRIES]: Registry minecraft:command_argument_type Sync: ACTIVE -> FROZEN
[07Aug2026 09:16:51.728] [Server thread/DEBUG] [net.minecraftforge.registries.ForgeRegistry/REGISTRIES]: Registry minecraft:villager_profession Sync: ACTIVE -> FROZEN
[07Aug2026 09:16:51.729] [Server thread/DEBUG] [net.minecraftforge.registries.ForgeRegistry/REGISTRIES]: Registry minecraft:point_of_interest_type Sync: ACTIVE -> FROZEN
[07Aug2026 09:16:51.731] [Server thread/DEBUG] [net.minecraftforge.registries.ForgeRegistry/REGISTRIES]: Registry minecraft:memory_module_type Sync: ACTIVE -> FROZEN
[07Aug2026 09:16:51.731] [Server thread/DEBUG] [net.minecraftforge.registries.ForgeRegistry/REGISTRIES]: Registry minecraft:sensor_type Sync: ACTIVE -> FROZEN
[07Aug2026 09:16:51.732] [Server thread/DEBUG] [net.minecraftforge.registries.ForgeRegistry/REGISTRIES]: Registry minecraft:schedule Sync: ACTIVE -> FROZEN
[07Aug2026 09:16:51.732] [Server thread/DEBUG] [net.minecraftforge.registries.ForgeRegistry/REGISTRIES]: Registry minecraft:activity Sync: ACTIVE -> FROZEN
[07Aug2026 09:16:51.732] [Server thread/DEBUG] [net.minecraftforge.registries.ForgeRegistry/REGISTRIES]: Registry minecraft:worldgen/carver Sync: ACTIVE -> FROZEN
[07Aug2026 09:16:51.732] [Server thread/DEBUG] [net.minecraftforge.registries.ForgeRegistry/REGISTRIES]: Registry minecraft:worldgen/feature Sync: ACTIVE -> FROZEN
[07Aug2026 09:16:51.732] [Server thread/DEBUG] [net.minecraftforge.registries.ForgeRegistry/REGISTRIES]: Registry minecraft:chunk_status Sync: ACTIVE -> FROZEN
[07Aug2026 09:16:51.732] [Server thread/DEBUG] [net.minecraftforge.registries.ForgeRegistry/REGISTRIES]: Registry minecraft:worldgen/block_state_provider_type Sync: ACTIVE -> FROZEN
[07Aug2026 09:16:51.732] [Server thread/DEBUG] [net.minecraftforge.registries.ForgeRegistry/REGISTRIES]: Registry minecraft:worldgen/foliage_placer_type Sync: ACTIVE -> FROZEN
[07Aug2026 09:16:51.732] [Server thread/DEBUG] [net.minecraftforge.registries.ForgeRegistry/REGISTRIES]: Registry minecraft:worldgen/tree_decorator_type Sync: ACTIVE -> FROZEN
[07Aug2026 09:16:51.733] [Server thread/DEBUG] [net.minecraftforge.registries.ForgeRegistry/REGISTRIES]: Registry minecraft:worldgen/biome Sync: ACTIVE -> FROZEN
[07Aug2026 09:16:51.733] [Server thread/DEBUG] [net.minecraftforge.registries.ForgeRegistry/REGISTRIES]: Registry forge:entity_data_serializers Sync: ACTIVE -> FROZEN
[07Aug2026 09:16:51.733] [Server thread/DEBUG] [net.minecraftforge.registries.ForgeRegistry/REGISTRIES]: Registry forge:global_loot_modifier_serializers Sync: ACTIVE -> FROZEN
[07Aug2026 09:16:51.733] [Server thread/DEBUG] [net.minecraftforge.registries.ForgeRegistry/REGISTRIES]: Registry forge:biome_modifier_serializers Sync: ACTIVE -> FROZEN
[07Aug2026 09:16:51.733] [Server thread/DEBUG] [net.minecraftforge.registries.ForgeRegistry/REGISTRIES]: Registry forge:fluid_type Sync: ACTIVE -> FROZEN
[07Aug2026 09:16:51.733] [Server thread/DEBUG] [net.minecraftforge.registries.ForgeRegistry/REGISTRIES]: Registry forge:structure_modifier_serializers Sync: ACTIVE -> FROZEN
[07Aug2026 09:16:51.733] [Server thread/DEBUG] [net.minecraftforge.registries.ForgeRegistry/REGISTRIES]: Registry forge:holder_set_type Sync: ACTIVE -> FROZEN
[07Aug2026 09:16:51.733] [Server thread/DEBUG] [net.minecraftforge.registries.ForgeRegistry/REGISTRIES]: Registry forge:display_contexts Sync: ACTIVE -> FROZEN
[07Aug2026 09:16:52.154] [Server thread/DEBUG] [net.minecraftforge.registries.ObjectHolderRegistry/REGISTRIES]: Applying holder lookups
[07Aug2026 09:16:52.159] [Server thread/DEBUG] [net.minecraftforge.registries.ObjectHolderRegistry/REGISTRIES]: Holder lookups applied
[07Aug2026 09:16:52.159] [Server thread/DEBUG] [net.minecraftforge.registries.GameData/REGISTRIES]: FROZEN state restored.
[07Aug2026 09:16:52.159] [Server thread/DEBUG] [net.minecraftforge.fml.config.ConfigTracker/CONFIG]: Unloading configs type SERVER
[07Aug2026 09:16:52.315] [Render thread/INFO] [net.minecraft.client.Minecraft/]: Stopping!
